Campaign,Campaign Type,Campaign Daily Budget,Bid Strategy Type,Networks,Languages,Location,Campaign Status,Ad Group,Max CPC,Ad Group Status,Keyword,Criterion Type,Keyword Status,Ad Type,Final URL,Path 1,Path 2,Headline 1,Headline 2,Headline 3,Headline 4,Headline 5,Headline 6,Headline 7,Headline 8,Headline 9,Headline 10,Headline 11,Headline 12,Headline 13,Headline 14,Headline 15,Description 1,Description 2,Description 3,Description 4,Ad Status
CMD | CABA,Search,35000,Maximize clicks,Google Search,es,"Ciudad Autónoma de Buenos Aires, Argentina",Paused,,,,,,,,,,,,,,,,,,,,,,,,,,,,,,
CMD | CABA,,,,,,,,,,,gratis,Campaign Negative Phrase,Enabled,,,,,,,,,,,,,,,,,,,,,,,,
CMD | CABA,,,,,,,,,,,gratuito,Campaign Negative Phrase,Enabled,,,,,,,,,,,,,,,,,,,,,,,,
CMD | CABA,,,,,,,,,,,gratuita,Campaign Negative Phrase,Enabled,,,,,,,,,,,,,,,,,,,,,,,,
CMD | CABA,,,,,,,,,,,sin costo,Campaign Negative Phrase,Enabled,,,,,,,,,,,,,,,,,,,,,,,,
CMD | CABA,,,,,,,,,,,trabajo,Campaign Negative Phrase,Enabled,,,,,,,,,,,,,,,,,,,,,,,,
CMD | CABA,,,,,,,,,,,empleo,Campaign Negative Phrase,Enabled,,,,,,,,,,,,,,,,,,,,,,,,
CMD | CABA,,,,,,,,,,,curso,Campaign Negative Phrase,Enabled,,,,,,,,,,,,,,,,,,,,,,,,
CMD | CABA,,,,,,,,,,,cursos,Campaign Negative Phrase,Enabled,,,,,,,,,,,,,,,,,,,,,,,,
CMD | CABA,,,,,,,,,,,capacitacion,Campaign Negative Phrase,Enabled,,,,,,,,,,,,,,,,,,,,,,,,
CMD | CABA,,,,,,,,,,,cv,Campaign Negative Phrase,Enabled,,,,,,,,,,,,,,,,,,,,,,,,
CMD | CABA,,,,,,,,,,,curriculum,Campaign Negative Phrase,Enabled,,,,,,,,,,,,,,,,,,,,,,,,
CMD | CABA,,,,,,,,,,,se busca,Campaign Negative Phrase,Enabled,,,,,,,,,,,,,,,,,,,,,,,,
CMD | CABA,,,,,,,,,,,busco trabajo,Campaign Negative Phrase,Enabled,,,,,,,,,,,,,,,,,,,,,,,,
CMD | CABA,,,,,,,,,,,changas,Campaign Negative Phrase,Enabled,,,,,,,,,,,,,,,,,,,,,,,,
CMD | CABA,,,,,,,,,,,franquicia,Campaign Negative Phrase,Enabled,,,,,,,,,,,,,,,,,,,,,,,,
CMD | CABA,,,,,,,,,,,franquicias,Campaign Negative Phrase,Enabled,,,,,,,,,,,,,,,,,,,,,,,,
CMD | CABA,,,,,,,,,,,vender,Campaign Negative Phrase,Enabled,,,,,,,,,,,,,,,,,,,,,,,,
CMD | CABA,,,,,,,,,,,venta de camiones,Campaign Negative Phrase,Enabled,,,,,,,,,,,,,,,,,,,,,,,,
CMD | CABA,,,,,,,,,,,comprar camion,Campaign Negative Phrase,Enabled,,,,,,,,,,,,,,,,,,,,,,,,
CMD | CABA,,,,,,,,,,,alquiler de camion,Campaign Negative Phrase,Enabled,,,,,,,,,,,,,,,,,,,,,,,,
CMD | CABA,,,,,,,,,,,alquilar camioneta,Campaign Negative Phrase,Enabled,,,,,,,,,,,,,,,,,,,,,,,,
CMD | CABA,,,,,,,,,,,como hacer una mudanza,Campaign Negative Phrase,Enabled,,,,,,,,,,,,,,,,,,,,,,,,
CMD | CABA,,,,,,,,,,,tips,Campaign Negative Phrase,Enabled,,,,,,,,,,,,,,,,,,,,,,,,
CMD | CABA,,,,,,,,,,,consejos,Campaign Negative Phrase,Enabled,,,,,,,,,,,,,,,,,,,,,,,,
CMD | CABA,,,,,,,,,,,que es,Campaign Negative Phrase,Enabled,,,,,,,,,,,,,,,,,,,,,,,,
CMD | CABA,,,,,,,,,,,significado,Campaign Negative Phrase,Enabled,,,,,,,,,,,,,,,,,,,,,,,,
CMD | CABA,,,,,,,,,,,sinonimo,Campaign Negative Phrase,Enabled,,,,,,,,,,,,,,,,,,,,,,,,
CMD | CABA,,,,,,,,,,,en ingles,Campaign Negative Phrase,Enabled,,,,,,,,,,,,,,,,,,,,,,,,
CMD | CABA,,,,,,,,,,,juego,Campaign Negative Phrase,Enabled,,,,,,,,,,,,,,,,,,,,,,,,
CMD | CABA,,,,,,,,,,,juegos,Campaign Negative Phrase,Enabled,,,,,,,,,,,,,,,,,,,,,,,,
CMD | CABA,,,,,,,,,,,pelicula,Campaign Negative Phrase,Enabled,,,,,,,,,,,,,,,,,,,,,,,,
CMD | CABA,,,,,,,,,,,cancion,Campaign Negative Phrase,Enabled,,,,,,,,,,,,,,,,,,,,,,,,
CMD | CABA,,,,,,,,,,,letra,Campaign Negative Phrase,Enabled,,,,,,,,,,,,,,,,,,,,,,,,
CMD | CABA,,,,,,,,,,,meme,Campaign Negative Phrase,Enabled,,,,,,,,,,,,,,,,,,,,,,,,
CMD | CABA,,,,,,,,,,,guardamuebles,Campaign Negative Phrase,Enabled,,,,,,,,,,,,,,,,,,,,,,,,
CMD | CABA,,,,,,,,,,,guarda muebles,Campaign Negative Phrase,Enabled,,,,,,,,,,,,,,,,,,,,,,,,
CMD | CABA,,,,,,,,,,,baulera,Campaign Negative Phrase,Enabled,,,,,,,,,,,,,,,,,,,,,,,,
CMD | CABA,,,,,,,,,,,bauleras,Campaign Negative Phrase,Enabled,,,,,,,,,,,,,,,,,,,,,,,,
CMD | CABA,,,,,,,,,,,deposito,Campaign Negative Phrase,Enabled,,,,,,,,,,,,,,,,,,,,,,,,
CMD | CABA,,,,,,,,,,,depositos,Campaign Negative Phrase,Enabled,,,,,,,,,,,,,,,,,,,,,,,,
CMD | CABA,,,,,,,,,,,self storage,Campaign Negative Phrase,Enabled,,,,,,,,,,,,,,,,,,,,,,,,
CMD | CABA,,,,,,,,,,,storage,Campaign Negative Phrase,Enabled,,,,,,,,,,,,,,,,,,,,,,,,
CMD | CABA,,,,,,,,,,,limpieza,Campaign Negative Phrase,Enabled,,,,,,,,,,,,,,,,,,,,,,,,
CMD | CABA,,,,,,,,,,,servicio de limpieza,Campaign Negative Phrase,Enabled,,,,,,,,,,,,,,,,,,,,,,,,
CMD | CABA,,,,,,,,,,,pintura,Campaign Negative Phrase,Enabled,,,,,,,,,,,,,,,,,,,,,,,,
CMD | CABA,,,,,,,,,,,pintor,Campaign Negative Phrase,Enabled,,,,,,,,,,,,,,,,,,,,,,,,
CMD | CABA,,,,,,,,,,,mudanza a españa,Campaign Negative Phrase,Enabled,,,,,,,,,,,,,,,,,,,,,,,,
CMD | CABA,,,,,,,,,,,mudanza a europa,Campaign Negative Phrase,Enabled,,,,,,,,,,,,,,,,,,,,,,,,
CMD | CABA,,,,,,,,,,,mudanza a estados unidos,Campaign Negative Phrase,Enabled,,,,,,,,,,,,,,,,,,,,,,,,
CMD | CABA,,,,,,,,,,,mudanza a mexico,Campaign Negative Phrase,Enabled,,,,,,,,,,,,,,,,,,,,,,,,
CMD | CABA,,,,,,,,,,,mudanza a miami,Campaign Negative Phrase,Enabled,,,,,,,,,,,,,,,,,,,,,,,,
CMD | CABA,,,,,,,,,,,mudanza a italia,Campaign Negative Phrase,Enabled,,,,,,,,,,,,,,,,,,,,,,,,
CMD | CABA,,,,,,,,,,,mudanza a colombia,Campaign Negative Phrase,Enabled,,,,,,,,,,,,,,,,,,,,,,,,
CMD | CABA,,,,,,,,,,,mudanza a peru,Campaign Negative Phrase,Enabled,,,,,,,,,,,,,,,,,,,,,,,,
CMD | CABA,,,,,,,,,,,container maritimo,Campaign Negative Phrase,Enabled,,,,,,,,,,,,,,,,,,,,,,,,
CMD | CABA,,,,,,,,,,,mudanza de mascotas sola,Campaign Negative Phrase,Enabled,,,,,,,,,,,,,,,,,,,,,,,,
CMD | CABA,,,,,,,,,,,solo flete de moto,Campaign Negative Phrase,Enabled,,,,,,,,,,,,,,,,,,,,,,,,
CMD | CABA,,,,,,,,,,,catamarca,Campaign Negative Phrase,Enabled,,,,,,,,,,,,,,,,,,,,,,,,
CMD | CABA,,,,,,,,,,,chaco,Campaign Negative Phrase,Enabled,,,,,,,,,,,,,,,,,,,,,,,,
CMD | CABA,,,,,,,,,,,chubut,Campaign Negative Phrase,Enabled,,,,,,,,,,,,,,,,,,,,,,,,
CMD | CABA,,,,,,,,,,,cordoba,Campaign Negative Phrase,Enabled,,,,,,,,,,,,,,,,,,,,,,,,
CMD | CABA,,,,,,,,,,,corrientes,Campaign Negative Phrase,Enabled,,,,,,,,,,,,,,,,,,,,,,,,
CMD | CABA,,,,,,,,,,,entre rios,Campaign Negative Phrase,Enabled,,,,,,,,,,,,,,,,,,,,,,,,
CMD | CABA,,,,,,,,,,,formosa,Campaign Negative Phrase,Enabled,,,,,,,,,,,,,,,,,,,,,,,,
CMD | CABA,,,,,,,,,,,jujuy,Campaign Negative Phrase,Enabled,,,,,,,,,,,,,,,,,,,,,,,,
CMD | CABA,,,,,,,,,,,la pampa,Campaign Negative Phrase,Enabled,,,,,,,,,,,,,,,,,,,,,,,,
CMD | CABA,,,,,,,,,,,la rioja,Campaign Negative Phrase,Enabled,,,,,,,,,,,,,,,,,,,,,,,,
CMD | CABA,,,,,,,,,,,mendoza,Campaign Negative Phrase,Enabled,,,,,,,,,,,,,,,,,,,,,,,,
CMD | CABA,,,,,,,,,,,misiones,Campaign Negative Phrase,Enabled,,,,,,,,,,,,,,,,,,,,,,,,
CMD | CABA,,,,,,,,,,,neuquen,Campaign Negative Phrase,Enabled,,,,,,,,,,,,,,,,,,,,,,,,
CMD | CABA,,,,,,,,,,,rio negro,Campaign Negative Phrase,Enabled,,,,,,,,,,,,,,,,,,,,,,,,
CMD | CABA,,,,,,,,,,,salta,Campaign Negative Phrase,Enabled,,,,,,,,,,,,,,,,,,,,,,,,
CMD | CABA,,,,,,,,,,,san juan,Campaign Negative Phrase,Enabled,,,,,,,,,,,,,,,,,,,,,,,,
CMD | CABA,,,,,,,,,,,san luis,Campaign Negative Phrase,Enabled,,,,,,,,,,,,,,,,,,,,,,,,
CMD | CABA,,,,,,,,,,,santa cruz,Campaign Negative Phrase,Enabled,,,,,,,,,,,,,,,,,,,,,,,,
CMD | CABA,,,,,,,,,,,santa fe,Campaign Negative Phrase,Enabled,,,,,,,,,,,,,,,,,,,,,,,,
CMD | CABA,,,,,,,,,,,santiago del estero,Campaign Negative Phrase,Enabled,,,,,,,,,,,,,,,,,,,,,,,,
CMD | CABA,,,,,,,,,,,tierra del fuego,Campaign Negative Phrase,Enabled,,,,,,,,,,,,,,,,,,,,,,,,
CMD | CABA,,,,,,,,,,,tucuman,Campaign Negative Phrase,Enabled,,,,,,,,,,,,,,,,,,,,,,,,
CMD | CABA,,,,,,,,CABA,400,Enabled,,,,,,,,,,,,,,,,,,,,,,,,,,,
CMD | CABA,,,,,,,,CABA,,,mudanzas caba,Phrase,Enabled,,,,,,,,,,,,,,,,,,,,,,,,
CMD | CABA,,,,,,,,CABA,,,mudanzas caba,Exact,Enabled,,,,,,,,,,,,,,,,,,,,,,,,
CMD | CABA,,,,,,,,CABA,,,mudanzas en caba,Phrase,Enabled,,,,,,,,,,,,,,,,,,,,,,,,
CMD | CABA,,,,,,,,CABA,,,mudanzas en caba,Exact,Enabled,,,,,,,,,,,,,,,,,,,,,,,,
CMD | CABA,,,,,,,,CABA,,,empresa de mudanzas caba,Phrase,Enabled,,,,,,,,,,,,,,,,,,,,,,,,
CMD | CABA,,,,,,,,CABA,,,empresa de mudanzas caba,Exact,Enabled,,,,,,,,,,,,,,,,,,,,,,,,
CMD | CABA,,,,,,,,CABA,,,presupuesto mudanza caba,Phrase,Enabled,,,,,,,,,,,,,,,,,,,,,,,,
CMD | CABA,,,,,,,,CABA,,,presupuesto mudanza caba,Exact,Enabled,,,,,,,,,,,,,,,,,,,,,,,,
CMD | CABA,,,,,,,,CABA,,,mudanzas capital federal,Phrase,Enabled,,,,,,,,,,,,,,,,,,,,,,,,
CMD | CABA,,,,,,,,CABA,,,mudanzas capital federal,Exact,Enabled,,,,,,,,,,,,,,,,,,,,,,,,
CMD | CABA,,,,,,,,CABA,,,mudanzas en capital federal,Phrase,Enabled,,,,,,,,,,,,,,,,,,,,,,,,
CMD | CABA,,,,,,,,CABA,,,mudanzas en capital federal,Exact,Enabled,,,,,,,,,,,,,,,,,,,,,,,,
CMD | CABA,,,,,,,,CABA,,,mudanzas ciudad de buenos aires,Phrase,Enabled,,,,,,,,,,,,,,,,,,,,,,,,
CMD | CABA,,,,,,,,CABA,,,mudanzas ciudad de buenos aires,Exact,Enabled,,,,,,,,,,,,,,,,,,,,,,,,
CMD | CABA,,,,,,,,CABA,,,empresa de mudanzas capital federal,Phrase,Enabled,,,,,,,,,,,,,,,,,,,,,,,,
CMD | CABA,,,,,,,,CABA,,,empresa de mudanzas capital federal,Exact,Enabled,,,,,,,,,,,,,,,,,,,,,,,,
CMD | CABA,,,,,,,,CABA,,,mudanzas capital,Phrase,Enabled,,,,,,,,,,,,,,,,,,,,,,,,
CMD | CABA,,,,,,,,CABA,,,mudanzas capital,Exact,Enabled,,,,,,,,,,,,,,,,,,,,,,,,
CMD | CABA,,,,,,,,CABA,,,,,,Responsive search ad,https://www.cmdmudanzas.com/mudanzas-caba,mudanzas,,Mudanzas en CABA,Mudanzas CABA,Empresa de Mudanzas CABA,Seguro Incluido Siempre,Camiones de 20 a 50 m³,Plataforma Hasta 1.200 kg,Cotizá Gratis Sin Cargo,Respuesta en 24 Horas,Embalaje y Desembalaje,Personal Capacitado,Consultá por WhatsApp,Presupuesto Sin Cargo,Cuidamos Tus Cosas,Carga y Descarga Incluida,Mudate Sin Estrés,"Mudanzas en CABA con camiones propios, plataforma elevadora y seguro.","Camiones propios de 20 a 50 m³, plataforma elevadora y seguro incluido en cada viaje.",Cotizá tu mudanza sin cargo. Te respondemos en menos de 24 horas por WhatsApp.,"Mudanzas de casas, departamentos y oficinas. Embalaje, carga, descarga y ayudantes.",Enabled
CMD | CABA,,,,,,,,Agronomía,400,Enabled,,,,,,,,,,,,,,,,,,,,,,,,,,,
CMD | CABA,,,,,,,,Agronomía,,,mudanzas agronomia,Phrase,Enabled,,,,,,,,,,,,,,,,,,,,,,,,
CMD | CABA,,,,,,,,Agronomía,,,mudanzas agronomia,Exact,Enabled,,,,,,,,,,,,,,,,,,,,,,,,
CMD | CABA,,,,,,,,Agronomía,,,mudanzas en agronomia,Phrase,Enabled,,,,,,,,,,,,,,,,,,,,,,,,
CMD | CABA,,,,,,,,Agronomía,,,mudanzas en agronomia,Exact,Enabled,,,,,,,,,,,,,,,,,,,,,,,,
CMD | CABA,,,,,,,,Agronomía,,,empresa de mudanzas agronomia,Phrase,Enabled,,,,,,,,,,,,,,,,,,,,,,,,
CMD | CABA,,,,,,,,Agronomía,,,empresa de mudanzas agronomia,Exact,Enabled,,,,,,,,,,,,,,,,,,,,,,,,
CMD | CABA,,,,,,,,Agronomía,,,presupuesto mudanza agronomia,Phrase,Enabled,,,,,,,,,,,,,,,,,,,,,,,,
CMD | CABA,,,,,,,,Agronomía,,,presupuesto mudanza agronomia,Exact,Enabled,,,,,,,,,,,,,,,,,,,,,,,,
CMD | CABA,,,,,,,,Agronomía,,,fletes agronomia,Phrase,Enabled,,,,,,,,,,,,,,,,,,,,,,,,
CMD | CABA,,,,,,,,Agronomía,,,fletes agronomia,Exact,Enabled,,,,,,,,,,,,,,,,,,,,,,,,
CMD | CABA,,,,,,,,Agronomía,,,,,,Responsive search ad,https://www.cmdmudanzas.com/mudanzas-agronomia,mudanzas,,Mudanzas en Agronomía,Mudanzas Agronomía,Empresa de Mudanzas Agronomía,Seguro Incluido Siempre,Camiones de 20 a 50 m³,Plataforma Hasta 1.200 kg,Cotizá Gratis Sin Cargo,Respuesta en 24 Horas,Embalaje y Desembalaje,Personal Capacitado,Consultá por WhatsApp,Presupuesto Sin Cargo,Cuidamos Tus Cosas,Carga y Descarga Incluida,Mudate Sin Estrés,"Mudanzas en Agronomía con camiones propios, plataforma elevadora y seguro.","Camiones propios de 20 a 50 m³, plataforma elevadora y seguro incluido en cada viaje.",Cotizá tu mudanza sin cargo. Te respondemos en menos de 24 horas por WhatsApp.,"Mudanzas de casas, departamentos y oficinas. Embalaje, carga, descarga y ayudantes.",Enabled
CMD | CABA,,,,,,,,Almagro,400,Enabled,,,,,,,,,,,,,,,,,,,,,,,,,,,
CMD | CABA,,,,,,,,Almagro,,,mudanzas almagro,Phrase,Enabled,,,,,,,,,,,,,,,,,,,,,,,,
CMD | CABA,,,,,,,,Almagro,,,mudanzas almagro,Exact,Enabled,,,,,,,,,,,,,,,,,,,,,,,,
CMD | CABA,,,,,,,,Almagro,,,mudanzas en almagro,Phrase,Enabled,,,,,,,,,,,,,,,,,,,,,,,,
CMD | CABA,,,,,,,,Almagro,,,mudanzas en almagro,Exact,Enabled,,,,,,,,,,,,,,,,,,,,,,,,
CMD | CABA,,,,,,,,Almagro,,,empresa de mudanzas almagro,Phrase,Enabled,,,,,,,,,,,,,,,,,,,,,,,,
CMD | CABA,,,,,,,,Almagro,,,empresa de mudanzas almagro,Exact,Enabled,,,,,,,,,,,,,,,,,,,,,,,,
CMD | CABA,,,,,,,,Almagro,,,presupuesto mudanza almagro,Phrase,Enabled,,,,,,,,,,,,,,,,,,,,,,,,
CMD | CABA,,,,,,,,Almagro,,,presupuesto mudanza almagro,Exact,Enabled,,,,,,,,,,,,,,,,,,,,,,,,
CMD | CABA,,,,,,,,Almagro,,,fletes almagro,Phrase,Enabled,,,,,,,,,,,,,,,,,,,,,,,,
CMD | CABA,,,,,,,,Almagro,,,fletes almagro,Exact,Enabled,,,,,,,,,,,,,,,,,,,,,,,,
CMD | CABA,,,,,,,,Almagro,,,,,,Responsive search ad,https://www.cmdmudanzas.com/mudanzas-almagro,mudanzas,,Mudanzas en Almagro,Mudanzas Almagro,Empresa de Mudanzas Almagro,Seguro Incluido Siempre,Camiones de 20 a 50 m³,Plataforma Hasta 1.200 kg,Cotizá Gratis Sin Cargo,Respuesta en 24 Horas,Embalaje y Desembalaje,Personal Capacitado,Consultá por WhatsApp,Presupuesto Sin Cargo,Cuidamos Tus Cosas,Carga y Descarga Incluida,Mudate Sin Estrés,"Mudanzas en Almagro con camiones propios, plataforma elevadora y seguro.","Camiones propios de 20 a 50 m³, plataforma elevadora y seguro incluido en cada viaje.",Cotizá tu mudanza sin cargo. Te respondemos en menos de 24 horas por WhatsApp.,"Mudanzas de casas, departamentos y oficinas. Embalaje, carga, descarga y ayudantes.",Enabled
CMD | CABA,,,,,,,,Balvanera,400,Enabled,,,,,,,,,,,,,,,,,,,,,,,,,,,
CMD | CABA,,,,,,,,Balvanera,,,mudanzas balvanera,Phrase,Enabled,,,,,,,,,,,,,,,,,,,,,,,,
CMD | CABA,,,,,,,,Balvanera,,,mudanzas balvanera,Exact,Enabled,,,,,,,,,,,,,,,,,,,,,,,,
CMD | CABA,,,,,,,,Balvanera,,,mudanzas en balvanera,Phrase,Enabled,,,,,,,,,,,,,,,,,,,,,,,,
CMD | CABA,,,,,,,,Balvanera,,,mudanzas en balvanera,Exact,Enabled,,,,,,,,,,,,,,,,,,,,,,,,
CMD | CABA,,,,,,,,Balvanera,,,empresa de mudanzas balvanera,Phrase,Enabled,,,,,,,,,,,,,,,,,,,,,,,,
CMD | CABA,,,,,,,,Balvanera,,,empresa de mudanzas balvanera,Exact,Enabled,,,,,,,,,,,,,,,,,,,,,,,,
CMD | CABA,,,,,,,,Balvanera,,,presupuesto mudanza balvanera,Phrase,Enabled,,,,,,,,,,,,,,,,,,,,,,,,
CMD | CABA,,,,,,,,Balvanera,,,presupuesto mudanza balvanera,Exact,Enabled,,,,,,,,,,,,,,,,,,,,,,,,
CMD | CABA,,,,,,,,Balvanera,,,fletes balvanera,Phrase,Enabled,,,,,,,,,,,,,,,,,,,,,,,,
CMD | CABA,,,,,,,,Balvanera,,,fletes balvanera,Exact,Enabled,,,,,,,,,,,,,,,,,,,,,,,,
CMD | CABA,,,,,,,,Balvanera,,,,,,Responsive search ad,https://www.cmdmudanzas.com/mudanzas-balvanera,mudanzas,,Mudanzas en Balvanera,Mudanzas Balvanera,Empresa de Mudanzas Balvanera,Seguro Incluido Siempre,Camiones de 20 a 50 m³,Plataforma Hasta 1.200 kg,Cotizá Gratis Sin Cargo,Respuesta en 24 Horas,Embalaje y Desembalaje,Personal Capacitado,Consultá por WhatsApp,Presupuesto Sin Cargo,Cuidamos Tus Cosas,Carga y Descarga Incluida,Mudate Sin Estrés,"Mudanzas en Balvanera con camiones propios, plataforma elevadora y seguro.","Camiones propios de 20 a 50 m³, plataforma elevadora y seguro incluido en cada viaje.",Cotizá tu mudanza sin cargo. Te respondemos en menos de 24 horas por WhatsApp.,"Mudanzas de casas, departamentos y oficinas. Embalaje, carga, descarga y ayudantes.",Enabled
CMD | CABA,,,,,,,,Barracas,400,Enabled,,,,,,,,,,,,,,,,,,,,,,,,,,,
CMD | CABA,,,,,,,,Barracas,,,mudanzas barracas,Phrase,Enabled,,,,,,,,,,,,,,,,,,,,,,,,
CMD | CABA,,,,,,,,Barracas,,,mudanzas barracas,Exact,Enabled,,,,,,,,,,,,,,,,,,,,,,,,
CMD | CABA,,,,,,,,Barracas,,,mudanzas en barracas,Phrase,Enabled,,,,,,,,,,,,,,,,,,,,,,,,
CMD | CABA,,,,,,,,Barracas,,,mudanzas en barracas,Exact,Enabled,,,,,,,,,,,,,,,,,,,,,,,,
CMD | CABA,,,,,,,,Barracas,,,empresa de mudanzas barracas,Phrase,Enabled,,,,,,,,,,,,,,,,,,,,,,,,
CMD | CABA,,,,,,,,Barracas,,,empresa de mudanzas barracas,Exact,Enabled,,,,,,,,,,,,,,,,,,,,,,,,
CMD | CABA,,,,,,,,Barracas,,,presupuesto mudanza barracas,Phrase,Enabled,,,,,,,,,,,,,,,,,,,,,,,,
CMD | CABA,,,,,,,,Barracas,,,presupuesto mudanza barracas,Exact,Enabled,,,,,,,,,,,,,,,,,,,,,,,,
CMD | CABA,,,,,,,,Barracas,,,fletes barracas,Phrase,Enabled,,,,,,,,,,,,,,,,,,,,,,,,
CMD | CABA,,,,,,,,Barracas,,,fletes barracas,Exact,Enabled,,,,,,,,,,,,,,,,,,,,,,,,
CMD | CABA,,,,,,,,Barracas,,,,,,Responsive search ad,https://www.cmdmudanzas.com/mudanzas-barracas,mudanzas,,Mudanzas en Barracas,Mudanzas Barracas,Empresa de Mudanzas Barracas,Seguro Incluido Siempre,Camiones de 20 a 50 m³,Plataforma Hasta 1.200 kg,Cotizá Gratis Sin Cargo,Respuesta en 24 Horas,Embalaje y Desembalaje,Personal Capacitado,Consultá por WhatsApp,Presupuesto Sin Cargo,Cuidamos Tus Cosas,Carga y Descarga Incluida,Mudate Sin Estrés,"Mudanzas en Barracas con camiones propios, plataforma elevadora y seguro.","Camiones propios de 20 a 50 m³, plataforma elevadora y seguro incluido en cada viaje.",Cotizá tu mudanza sin cargo. Te respondemos en menos de 24 horas por WhatsApp.,"Mudanzas de casas, departamentos y oficinas. Embalaje, carga, descarga y ayudantes.",Enabled
CMD | CABA,,,,,,,,Belgrano,400,Enabled,,,,,,,,,,,,,,,,,,,,,,,,,,,
CMD | CABA,,,,,,,,Belgrano,,,mudanzas belgrano,Phrase,Enabled,,,,,,,,,,,,,,,,,,,,,,,,
CMD | CABA,,,,,,,,Belgrano,,,mudanzas belgrano,Exact,Enabled,,,,,,,,,,,,,,,,,,,,,,,,
CMD | CABA,,,,,,,,Belgrano,,,mudanzas en belgrano,Phrase,Enabled,,,,,,,,,,,,,,,,,,,,,,,,
CMD | CABA,,,,,,,,Belgrano,,,mudanzas en belgrano,Exact,Enabled,,,,,,,,,,,,,,,,,,,,,,,,
CMD | CABA,,,,,,,,Belgrano,,,empresa de mudanzas belgrano,Phrase,Enabled,,,,,,,,,,,,,,,,,,,,,,,,
CMD | CABA,,,,,,,,Belgrano,,,empresa de mudanzas belgrano,Exact,Enabled,,,,,,,,,,,,,,,,,,,,,,,,
CMD | CABA,,,,,,,,Belgrano,,,presupuesto mudanza belgrano,Phrase,Enabled,,,,,,,,,,,,,,,,,,,,,,,,
CMD | CABA,,,,,,,,Belgrano,,,presupuesto mudanza belgrano,Exact,Enabled,,,,,,,,,,,,,,,,,,,,,,,,
CMD | CABA,,,,,,,,Belgrano,,,fletes belgrano,Phrase,Enabled,,,,,,,,,,,,,,,,,,,,,,,,
CMD | CABA,,,,,,,,Belgrano,,,fletes belgrano,Exact,Enabled,,,,,,,,,,,,,,,,,,,,,,,,
CMD | CABA,,,,,,,,Belgrano,,,,,,Responsive search ad,https://www.cmdmudanzas.com/mudanzas-belgrano,mudanzas,,Mudanzas en Belgrano,Mudanzas Belgrano,Empresa de Mudanzas Belgrano,Seguro Incluido Siempre,Camiones de 20 a 50 m³,Plataforma Hasta 1.200 kg,Cotizá Gratis Sin Cargo,Respuesta en 24 Horas,Embalaje y Desembalaje,Personal Capacitado,Consultá por WhatsApp,Presupuesto Sin Cargo,Cuidamos Tus Cosas,Carga y Descarga Incluida,Mudate Sin Estrés,"Mudanzas en Belgrano con camiones propios, plataforma elevadora y seguro.","Camiones propios de 20 a 50 m³, plataforma elevadora y seguro incluido en cada viaje.",Cotizá tu mudanza sin cargo. Te respondemos en menos de 24 horas por WhatsApp.,"Mudanzas de casas, departamentos y oficinas. Embalaje, carga, descarga y ayudantes.",Enabled
CMD | CABA,,,,,,,,Boedo,400,Enabled,,,,,,,,,,,,,,,,,,,,,,,,,,,
CMD | CABA,,,,,,,,Boedo,,,mudanzas boedo,Phrase,Enabled,,,,,,,,,,,,,,,,,,,,,,,,
CMD | CABA,,,,,,,,Boedo,,,mudanzas boedo,Exact,Enabled,,,,,,,,,,,,,,,,,,,,,,,,
CMD | CABA,,,,,,,,Boedo,,,mudanzas en boedo,Phrase,Enabled,,,,,,,,,,,,,,,,,,,,,,,,
CMD | CABA,,,,,,,,Boedo,,,mudanzas en boedo,Exact,Enabled,,,,,,,,,,,,,,,,,,,,,,,,
CMD | CABA,,,,,,,,Boedo,,,empresa de mudanzas boedo,Phrase,Enabled,,,,,,,,,,,,,,,,,,,,,,,,
CMD | CABA,,,,,,,,Boedo,,,empresa de mudanzas boedo,Exact,Enabled,,,,,,,,,,,,,,,,,,,,,,,,
CMD | CABA,,,,,,,,Boedo,,,presupuesto mudanza boedo,Phrase,Enabled,,,,,,,,,,,,,,,,,,,,,,,,
CMD | CABA,,,,,,,,Boedo,,,presupuesto mudanza boedo,Exact,Enabled,,,,,,,,,,,,,,,,,,,,,,,,
CMD | CABA,,,,,,,,Boedo,,,fletes boedo,Phrase,Enabled,,,,,,,,,,,,,,,,,,,,,,,,
CMD | CABA,,,,,,,,Boedo,,,fletes boedo,Exact,Enabled,,,,,,,,,,,,,,,,,,,,,,,,
CMD | CABA,,,,,,,,Boedo,,,,,,Responsive search ad,https://www.cmdmudanzas.com/mudanzas-boedo,mudanzas,,Mudanzas en Boedo,Mudanzas Boedo,Empresa de Mudanzas Boedo,Seguro Incluido Siempre,Camiones de 20 a 50 m³,Plataforma Hasta 1.200 kg,Cotizá Gratis Sin Cargo,Respuesta en 24 Horas,Embalaje y Desembalaje,Personal Capacitado,Consultá por WhatsApp,Presupuesto Sin Cargo,Cuidamos Tus Cosas,Carga y Descarga Incluida,Mudate Sin Estrés,"Mudanzas en Boedo con camiones propios, plataforma elevadora y seguro.","Camiones propios de 20 a 50 m³, plataforma elevadora y seguro incluido en cada viaje.",Cotizá tu mudanza sin cargo. Te respondemos en menos de 24 horas por WhatsApp.,"Mudanzas de casas, departamentos y oficinas. Embalaje, carga, descarga y ayudantes.",Enabled
CMD | CABA,,,,,,,,Caballito,400,Enabled,,,,,,,,,,,,,,,,,,,,,,,,,,,
CMD | CABA,,,,,,,,Caballito,,,mudanzas caballito,Phrase,Enabled,,,,,,,,,,,,,,,,,,,,,,,,
CMD | CABA,,,,,,,,Caballito,,,mudanzas caballito,Exact,Enabled,,,,,,,,,,,,,,,,,,,,,,,,
CMD | CABA,,,,,,,,Caballito,,,mudanzas en caballito,Phrase,Enabled,,,,,,,,,,,,,,,,,,,,,,,,
CMD | CABA,,,,,,,,Caballito,,,mudanzas en caballito,Exact,Enabled,,,,,,,,,,,,,,,,,,,,,,,,
CMD | CABA,,,,,,,,Caballito,,,empresa de mudanzas caballito,Phrase,Enabled,,,,,,,,,,,,,,,,,,,,,,,,
CMD | CABA,,,,,,,,Caballito,,,empresa de mudanzas caballito,Exact,Enabled,,,,,,,,,,,,,,,,,,,,,,,,
CMD | CABA,,,,,,,,Caballito,,,presupuesto mudanza caballito,Phrase,Enabled,,,,,,,,,,,,,,,,,,,,,,,,
CMD | CABA,,,,,,,,Caballito,,,presupuesto mudanza caballito,Exact,Enabled,,,,,,,,,,,,,,,,,,,,,,,,
CMD | CABA,,,,,,,,Caballito,,,fletes caballito,Phrase,Enabled,,,,,,,,,,,,,,,,,,,,,,,,
CMD | CABA,,,,,,,,Caballito,,,fletes caballito,Exact,Enabled,,,,,,,,,,,,,,,,,,,,,,,,
CMD | CABA,,,,,,,,Caballito,,,,,,Responsive search ad,https://www.cmdmudanzas.com/mudanzas-caballito,mudanzas,,Mudanzas en Caballito,Mudanzas Caballito,Empresa de Mudanzas Caballito,Seguro Incluido Siempre,Camiones de 20 a 50 m³,Plataforma Hasta 1.200 kg,Cotizá Gratis Sin Cargo,Respuesta en 24 Horas,Embalaje y Desembalaje,Personal Capacitado,Consultá por WhatsApp,Presupuesto Sin Cargo,Cuidamos Tus Cosas,Carga y Descarga Incluida,Mudate Sin Estrés,"Mudanzas en Caballito con camiones propios, plataforma elevadora y seguro.","Camiones propios de 20 a 50 m³, plataforma elevadora y seguro incluido en cada viaje.",Cotizá tu mudanza sin cargo. Te respondemos en menos de 24 horas por WhatsApp.,"Mudanzas de casas, departamentos y oficinas. Embalaje, carga, descarga y ayudantes.",Enabled
CMD | CABA,,,,,,,,Chacarita,400,Enabled,,,,,,,,,,,,,,,,,,,,,,,,,,,
CMD | CABA,,,,,,,,Chacarita,,,mudanzas chacarita,Phrase,Enabled,,,,,,,,,,,,,,,,,,,,,,,,
CMD | CABA,,,,,,,,Chacarita,,,mudanzas chacarita,Exact,Enabled,,,,,,,,,,,,,,,,,,,,,,,,
CMD | CABA,,,,,,,,Chacarita,,,mudanzas en chacarita,Phrase,Enabled,,,,,,,,,,,,,,,,,,,,,,,,
CMD | CABA,,,,,,,,Chacarita,,,mudanzas en chacarita,Exact,Enabled,,,,,,,,,,,,,,,,,,,,,,,,
CMD | CABA,,,,,,,,Chacarita,,,empresa de mudanzas chacarita,Phrase,Enabled,,,,,,,,,,,,,,,,,,,,,,,,
CMD | CABA,,,,,,,,Chacarita,,,empresa de mudanzas chacarita,Exact,Enabled,,,,,,,,,,,,,,,,,,,,,,,,
CMD | CABA,,,,,,,,Chacarita,,,presupuesto mudanza chacarita,Phrase,Enabled,,,,,,,,,,,,,,,,,,,,,,,,
CMD | CABA,,,,,,,,Chacarita,,,presupuesto mudanza chacarita,Exact,Enabled,,,,,,,,,,,,,,,,,,,,,,,,
CMD | CABA,,,,,,,,Chacarita,,,fletes chacarita,Phrase,Enabled,,,,,,,,,,,,,,,,,,,,,,,,
CMD | CABA,,,,,,,,Chacarita,,,fletes chacarita,Exact,Enabled,,,,,,,,,,,,,,,,,,,,,,,,
CMD | CABA,,,,,,,,Chacarita,,,,,,Responsive search ad,https://www.cmdmudanzas.com/mudanzas-chacarita,mudanzas,,Mudanzas en Chacarita,Mudanzas Chacarita,Empresa de Mudanzas Chacarita,Seguro Incluido Siempre,Camiones de 20 a 50 m³,Plataforma Hasta 1.200 kg,Cotizá Gratis Sin Cargo,Respuesta en 24 Horas,Embalaje y Desembalaje,Personal Capacitado,Consultá por WhatsApp,Presupuesto Sin Cargo,Cuidamos Tus Cosas,Carga y Descarga Incluida,Mudate Sin Estrés,"Mudanzas en Chacarita con camiones propios, plataforma elevadora y seguro.","Camiones propios de 20 a 50 m³, plataforma elevadora y seguro incluido en cada viaje.",Cotizá tu mudanza sin cargo. Te respondemos en menos de 24 horas por WhatsApp.,"Mudanzas de casas, departamentos y oficinas. Embalaje, carga, descarga y ayudantes.",Enabled
CMD | CABA,,,,,,,,Coghlan,400,Enabled,,,,,,,,,,,,,,,,,,,,,,,,,,,
CMD | CABA,,,,,,,,Coghlan,,,mudanzas coghlan,Phrase,Enabled,,,,,,,,,,,,,,,,,,,,,,,,
CMD | CABA,,,,,,,,Coghlan,,,mudanzas coghlan,Exact,Enabled,,,,,,,,,,,,,,,,,,,,,,,,
CMD | CABA,,,,,,,,Coghlan,,,mudanzas en coghlan,Phrase,Enabled,,,,,,,,,,,,,,,,,,,,,,,,
CMD | CABA,,,,,,,,Coghlan,,,mudanzas en coghlan,Exact,Enabled,,,,,,,,,,,,,,,,,,,,,,,,
CMD | CABA,,,,,,,,Coghlan,,,empresa de mudanzas coghlan,Phrase,Enabled,,,,,,,,,,,,,,,,,,,,,,,,
CMD | CABA,,,,,,,,Coghlan,,,empresa de mudanzas coghlan,Exact,Enabled,,,,,,,,,,,,,,,,,,,,,,,,
CMD | CABA,,,,,,,,Coghlan,,,presupuesto mudanza coghlan,Phrase,Enabled,,,,,,,,,,,,,,,,,,,,,,,,
CMD | CABA,,,,,,,,Coghlan,,,presupuesto mudanza coghlan,Exact,Enabled,,,,,,,,,,,,,,,,,,,,,,,,
CMD | CABA,,,,,,,,Coghlan,,,fletes coghlan,Phrase,Enabled,,,,,,,,,,,,,,,,,,,,,,,,
CMD | CABA,,,,,,,,Coghlan,,,fletes coghlan,Exact,Enabled,,,,,,,,,,,,,,,,,,,,,,,,
CMD | CABA,,,,,,,,Coghlan,,,,,,Responsive search ad,https://www.cmdmudanzas.com/mudanzas-coghlan,mudanzas,,Mudanzas en Coghlan,Mudanzas Coghlan,Empresa de Mudanzas Coghlan,Seguro Incluido Siempre,Camiones de 20 a 50 m³,Plataforma Hasta 1.200 kg,Cotizá Gratis Sin Cargo,Respuesta en 24 Horas,Embalaje y Desembalaje,Personal Capacitado,Consultá por WhatsApp,Presupuesto Sin Cargo,Cuidamos Tus Cosas,Carga y Descarga Incluida,Mudate Sin Estrés,"Mudanzas en Coghlan con camiones propios, plataforma elevadora y seguro.","Camiones propios de 20 a 50 m³, plataforma elevadora y seguro incluido en cada viaje.",Cotizá tu mudanza sin cargo. Te respondemos en menos de 24 horas por WhatsApp.,"Mudanzas de casas, departamentos y oficinas. Embalaje, carga, descarga y ayudantes.",Enabled
CMD | CABA,,,,,,,,Colegiales,400,Enabled,,,,,,,,,,,,,,,,,,,,,,,,,,,
CMD | CABA,,,,,,,,Colegiales,,,mudanzas colegiales,Phrase,Enabled,,,,,,,,,,,,,,,,,,,,,,,,
CMD | CABA,,,,,,,,Colegiales,,,mudanzas colegiales,Exact,Enabled,,,,,,,,,,,,,,,,,,,,,,,,
CMD | CABA,,,,,,,,Colegiales,,,mudanzas en colegiales,Phrase,Enabled,,,,,,,,,,,,,,,,,,,,,,,,
CMD | CABA,,,,,,,,Colegiales,,,mudanzas en colegiales,Exact,Enabled,,,,,,,,,,,,,,,,,,,,,,,,
CMD | CABA,,,,,,,,Colegiales,,,empresa de mudanzas colegiales,Phrase,Enabled,,,,,,,,,,,,,,,,,,,,,,,,
CMD | CABA,,,,,,,,Colegiales,,,empresa de mudanzas colegiales,Exact,Enabled,,,,,,,,,,,,,,,,,,,,,,,,
CMD | CABA,,,,,,,,Colegiales,,,presupuesto mudanza colegiales,Phrase,Enabled,,,,,,,,,,,,,,,,,,,,,,,,
CMD | CABA,,,,,,,,Colegiales,,,presupuesto mudanza colegiales,Exact,Enabled,,,,,,,,,,,,,,,,,,,,,,,,
CMD | CABA,,,,,,,,Colegiales,,,fletes colegiales,Phrase,Enabled,,,,,,,,,,,,,,,,,,,,,,,,
CMD | CABA,,,,,,,,Colegiales,,,fletes colegiales,Exact,Enabled,,,,,,,,,,,,,,,,,,,,,,,,
CMD | CABA,,,,,,,,Colegiales,,,,,,Responsive search ad,https://www.cmdmudanzas.com/mudanzas-colegiales,mudanzas,,Mudanzas en Colegiales,Mudanzas Colegiales,Empresa de Mudanzas Colegiales,Seguro Incluido Siempre,Camiones de 20 a 50 m³,Plataforma Hasta 1.200 kg,Cotizá Gratis Sin Cargo,Respuesta en 24 Horas,Embalaje y Desembalaje,Personal Capacitado,Consultá por WhatsApp,Presupuesto Sin Cargo,Cuidamos Tus Cosas,Carga y Descarga Incluida,Mudate Sin Estrés,"Mudanzas en Colegiales con camiones propios, plataforma elevadora y seguro.","Camiones propios de 20 a 50 m³, plataforma elevadora y seguro incluido en cada viaje.",Cotizá tu mudanza sin cargo. Te respondemos en menos de 24 horas por WhatsApp.,"Mudanzas de casas, departamentos y oficinas. Embalaje, carga, descarga y ayudantes.",Enabled
CMD | CABA,,,,,,,,Constitución,400,Enabled,,,,,,,,,,,,,,,,,,,,,,,,,,,
CMD | CABA,,,,,,,,Constitución,,,mudanzas constitucion,Phrase,Enabled,,,,,,,,,,,,,,,,,,,,,,,,
CMD | CABA,,,,,,,,Constitución,,,mudanzas constitucion,Exact,Enabled,,,,,,,,,,,,,,,,,,,,,,,,
CMD | CABA,,,,,,,,Constitución,,,mudanzas en constitucion,Phrase,Enabled,,,,,,,,,,,,,,,,,,,,,,,,
CMD | CABA,,,,,,,,Constitución,,,mudanzas en constitucion,Exact,Enabled,,,,,,,,,,,,,,,,,,,,,,,,
CMD | CABA,,,,,,,,Constitución,,,empresa de mudanzas constitucion,Phrase,Enabled,,,,,,,,,,,,,,,,,,,,,,,,
CMD | CABA,,,,,,,,Constitución,,,empresa de mudanzas constitucion,Exact,Enabled,,,,,,,,,,,,,,,,,,,,,,,,
CMD | CABA,,,,,,,,Constitución,,,presupuesto mudanza constitucion,Phrase,Enabled,,,,,,,,,,,,,,,,,,,,,,,,
CMD | CABA,,,,,,,,Constitución,,,presupuesto mudanza constitucion,Exact,Enabled,,,,,,,,,,,,,,,,,,,,,,,,
CMD | CABA,,,,,,,,Constitución,,,fletes constitucion,Phrase,Enabled,,,,,,,,,,,,,,,,,,,,,,,,
CMD | CABA,,,,,,,,Constitución,,,fletes constitucion,Exact,Enabled,,,,,,,,,,,,,,,,,,,,,,,,
CMD | CABA,,,,,,,,Constitución,,,,,,Responsive search ad,https://www.cmdmudanzas.com/mudanzas-constitucion,mudanzas,,Mudanzas en Constitución,Mudanzas Constitución,Seguro Incluido Siempre,Camiones de 20 a 50 m³,Plataforma Hasta 1.200 kg,Cotizá Gratis Sin Cargo,Respuesta en 24 Horas,Embalaje y Desembalaje,Personal Capacitado,Consultá por WhatsApp,Presupuesto Sin Cargo,Cuidamos Tus Cosas,Carga y Descarga Incluida,Mudate Sin Estrés,,"Mudanzas en Constitución con camiones propios, plataforma elevadora y seguro.","Camiones propios de 20 a 50 m³, plataforma elevadora y seguro incluido en cada viaje.",Cotizá tu mudanza sin cargo. Te respondemos en menos de 24 horas por WhatsApp.,"Mudanzas de casas, departamentos y oficinas. Embalaje, carga, descarga y ayudantes.",Enabled
CMD | CABA,,,,,,,,Flores,400,Enabled,,,,,,,,,,,,,,,,,,,,,,,,,,,
CMD | CABA,,,,,,,,Flores,,,mudanzas flores,Phrase,Enabled,,,,,,,,,,,,,,,,,,,,,,,,
CMD | CABA,,,,,,,,Flores,,,mudanzas flores,Exact,Enabled,,,,,,,,,,,,,,,,,,,,,,,,
CMD | CABA,,,,,,,,Flores,,,mudanzas en flores,Phrase,Enabled,,,,,,,,,,,,,,,,,,,,,,,,
CMD | CABA,,,,,,,,Flores,,,mudanzas en flores,Exact,Enabled,,,,,,,,,,,,,,,,,,,,,,,,
CMD | CABA,,,,,,,,Flores,,,empresa de mudanzas flores,Phrase,Enabled,,,,,,,,,,,,,,,,,,,,,,,,
CMD | CABA,,,,,,,,Flores,,,empresa de mudanzas flores,Exact,Enabled,,,,,,,,,,,,,,,,,,,,,,,,
CMD | CABA,,,,,,,,Flores,,,presupuesto mudanza flores,Phrase,Enabled,,,,,,,,,,,,,,,,,,,,,,,,
CMD | CABA,,,,,,,,Flores,,,presupuesto mudanza flores,Exact,Enabled,,,,,,,,,,,,,,,,,,,,,,,,
CMD | CABA,,,,,,,,Flores,,,fletes flores,Phrase,Enabled,,,,,,,,,,,,,,,,,,,,,,,,
CMD | CABA,,,,,,,,Flores,,,fletes flores,Exact,Enabled,,,,,,,,,,,,,,,,,,,,,,,,
CMD | CABA,,,,,,,,Flores,,,,,,Responsive search ad,https://www.cmdmudanzas.com/mudanzas-flores,mudanzas,,Mudanzas en Flores,Mudanzas Flores,Empresa de Mudanzas Flores,Seguro Incluido Siempre,Camiones de 20 a 50 m³,Plataforma Hasta 1.200 kg,Cotizá Gratis Sin Cargo,Respuesta en 24 Horas,Embalaje y Desembalaje,Personal Capacitado,Consultá por WhatsApp,Presupuesto Sin Cargo,Cuidamos Tus Cosas,Carga y Descarga Incluida,Mudate Sin Estrés,"Mudanzas en Flores con camiones propios, plataforma elevadora y seguro.","Camiones propios de 20 a 50 m³, plataforma elevadora y seguro incluido en cada viaje.",Cotizá tu mudanza sin cargo. Te respondemos en menos de 24 horas por WhatsApp.,"Mudanzas de casas, departamentos y oficinas. Embalaje, carga, descarga y ayudantes.",Enabled
CMD | CABA,,,,,,,,Floresta,400,Enabled,,,,,,,,,,,,,,,,,,,,,,,,,,,
CMD | CABA,,,,,,,,Floresta,,,mudanzas floresta,Phrase,Enabled,,,,,,,,,,,,,,,,,,,,,,,,
CMD | CABA,,,,,,,,Floresta,,,mudanzas floresta,Exact,Enabled,,,,,,,,,,,,,,,,,,,,,,,,
CMD | CABA,,,,,,,,Floresta,,,mudanzas en floresta,Phrase,Enabled,,,,,,,,,,,,,,,,,,,,,,,,
CMD | CABA,,,,,,,,Floresta,,,mudanzas en floresta,Exact,Enabled,,,,,,,,,,,,,,,,,,,,,,,,
CMD | CABA,,,,,,,,Floresta,,,empresa de mudanzas floresta,Phrase,Enabled,,,,,,,,,,,,,,,,,,,,,,,,
CMD | CABA,,,,,,,,Floresta,,,empresa de mudanzas floresta,Exact,Enabled,,,,,,,,,,,,,,,,,,,,,,,,
CMD | CABA,,,,,,,,Floresta,,,presupuesto mudanza floresta,Phrase,Enabled,,,,,,,,,,,,,,,,,,,,,,,,
CMD | CABA,,,,,,,,Floresta,,,presupuesto mudanza floresta,Exact,Enabled,,,,,,,,,,,,,,,,,,,,,,,,
CMD | CABA,,,,,,,,Floresta,,,fletes floresta,Phrase,Enabled,,,,,,,,,,,,,,,,,,,,,,,,
CMD | CABA,,,,,,,,Floresta,,,fletes floresta,Exact,Enabled,,,,,,,,,,,,,,,,,,,,,,,,
CMD | CABA,,,,,,,,Floresta,,,,,,Responsive search ad,https://www.cmdmudanzas.com/mudanzas-floresta,mudanzas,,Mudanzas en Floresta,Mudanzas Floresta,Empresa de Mudanzas Floresta,Seguro Incluido Siempre,Camiones de 20 a 50 m³,Plataforma Hasta 1.200 kg,Cotizá Gratis Sin Cargo,Respuesta en 24 Horas,Embalaje y Desembalaje,Personal Capacitado,Consultá por WhatsApp,Presupuesto Sin Cargo,Cuidamos Tus Cosas,Carga y Descarga Incluida,Mudate Sin Estrés,"Mudanzas en Floresta con camiones propios, plataforma elevadora y seguro.","Camiones propios de 20 a 50 m³, plataforma elevadora y seguro incluido en cada viaje.",Cotizá tu mudanza sin cargo. Te respondemos en menos de 24 horas por WhatsApp.,"Mudanzas de casas, departamentos y oficinas. Embalaje, carga, descarga y ayudantes.",Enabled
CMD | CABA,,,,,,,,La Boca,400,Enabled,,,,,,,,,,,,,,,,,,,,,,,,,,,
CMD | CABA,,,,,,,,La Boca,,,mudanzas la boca,Phrase,Enabled,,,,,,,,,,,,,,,,,,,,,,,,
CMD | CABA,,,,,,,,La Boca,,,mudanzas la boca,Exact,Enabled,,,,,,,,,,,,,,,,,,,,,,,,
CMD | CABA,,,,,,,,La Boca,,,mudanzas en la boca,Phrase,Enabled,,,,,,,,,,,,,,,,,,,,,,,,
CMD | CABA,,,,,,,,La Boca,,,mudanzas en la boca,Exact,Enabled,,,,,,,,,,,,,,,,,,,,,,,,
CMD | CABA,,,,,,,,La Boca,,,empresa de mudanzas la boca,Phrase,Enabled,,,,,,,,,,,,,,,,,,,,,,,,
CMD | CABA,,,,,,,,La Boca,,,empresa de mudanzas la boca,Exact,Enabled,,,,,,,,,,,,,,,,,,,,,,,,
CMD | CABA,,,,,,,,La Boca,,,presupuesto mudanza la boca,Phrase,Enabled,,,,,,,,,,,,,,,,,,,,,,,,
CMD | CABA,,,,,,,,La Boca,,,presupuesto mudanza la boca,Exact,Enabled,,,,,,,,,,,,,,,,,,,,,,,,
CMD | CABA,,,,,,,,La Boca,,,fletes la boca,Phrase,Enabled,,,,,,,,,,,,,,,,,,,,,,,,
CMD | CABA,,,,,,,,La Boca,,,fletes la boca,Exact,Enabled,,,,,,,,,,,,,,,,,,,,,,,,
CMD | CABA,,,,,,,,La Boca,,,,,,Responsive search ad,https://www.cmdmudanzas.com/mudanzas-la-boca,mudanzas,,Mudanzas en La Boca,Mudanzas La Boca,Empresa de Mudanzas La Boca,Seguro Incluido Siempre,Camiones de 20 a 50 m³,Plataforma Hasta 1.200 kg,Cotizá Gratis Sin Cargo,Respuesta en 24 Horas,Embalaje y Desembalaje,Personal Capacitado,Consultá por WhatsApp,Presupuesto Sin Cargo,Cuidamos Tus Cosas,Carga y Descarga Incluida,Mudate Sin Estrés,"Mudanzas en La Boca con camiones propios, plataforma elevadora y seguro.","Camiones propios de 20 a 50 m³, plataforma elevadora y seguro incluido en cada viaje.",Cotizá tu mudanza sin cargo. Te respondemos en menos de 24 horas por WhatsApp.,"Mudanzas de casas, departamentos y oficinas. Embalaje, carga, descarga y ayudantes.",Enabled
CMD | CABA,,,,,,,,La Paternal,400,Enabled,,,,,,,,,,,,,,,,,,,,,,,,,,,
CMD | CABA,,,,,,,,La Paternal,,,mudanzas la paternal,Phrase,Enabled,,,,,,,,,,,,,,,,,,,,,,,,
CMD | CABA,,,,,,,,La Paternal,,,mudanzas la paternal,Exact,Enabled,,,,,,,,,,,,,,,,,,,,,,,,
CMD | CABA,,,,,,,,La Paternal,,,mudanzas en la paternal,Phrase,Enabled,,,,,,,,,,,,,,,,,,,,,,,,
CMD | CABA,,,,,,,,La Paternal,,,mudanzas en la paternal,Exact,Enabled,,,,,,,,,,,,,,,,,,,,,,,,
CMD | CABA,,,,,,,,La Paternal,,,empresa de mudanzas la paternal,Phrase,Enabled,,,,,,,,,,,,,,,,,,,,,,,,
CMD | CABA,,,,,,,,La Paternal,,,empresa de mudanzas la paternal,Exact,Enabled,,,,,,,,,,,,,,,,,,,,,,,,
CMD | CABA,,,,,,,,La Paternal,,,presupuesto mudanza la paternal,Phrase,Enabled,,,,,,,,,,,,,,,,,,,,,,,,
CMD | CABA,,,,,,,,La Paternal,,,presupuesto mudanza la paternal,Exact,Enabled,,,,,,,,,,,,,,,,,,,,,,,,
CMD | CABA,,,,,,,,La Paternal,,,fletes la paternal,Phrase,Enabled,,,,,,,,,,,,,,,,,,,,,,,,
CMD | CABA,,,,,,,,La Paternal,,,fletes la paternal,Exact,Enabled,,,,,,,,,,,,,,,,,,,,,,,,
CMD | CABA,,,,,,,,La Paternal,,,,,,Responsive search ad,https://www.cmdmudanzas.com/mudanzas-la-paternal,mudanzas,,Mudanzas en La Paternal,Mudanzas La Paternal,Seguro Incluido Siempre,Camiones de 20 a 50 m³,Plataforma Hasta 1.200 kg,Cotizá Gratis Sin Cargo,Respuesta en 24 Horas,Embalaje y Desembalaje,Personal Capacitado,Consultá por WhatsApp,Presupuesto Sin Cargo,Cuidamos Tus Cosas,Carga y Descarga Incluida,Mudate Sin Estrés,,"Mudanzas en La Paternal con camiones propios, plataforma elevadora y seguro.","Camiones propios de 20 a 50 m³, plataforma elevadora y seguro incluido en cada viaje.",Cotizá tu mudanza sin cargo. Te respondemos en menos de 24 horas por WhatsApp.,"Mudanzas de casas, departamentos y oficinas. Embalaje, carga, descarga y ayudantes.",Enabled
CMD | CABA,,,,,,,,Liniers,400,Enabled,,,,,,,,,,,,,,,,,,,,,,,,,,,
CMD | CABA,,,,,,,,Liniers,,,mudanzas liniers,Phrase,Enabled,,,,,,,,,,,,,,,,,,,,,,,,
CMD | CABA,,,,,,,,Liniers,,,mudanzas liniers,Exact,Enabled,,,,,,,,,,,,,,,,,,,,,,,,
CMD | CABA,,,,,,,,Liniers,,,mudanzas en liniers,Phrase,Enabled,,,,,,,,,,,,,,,,,,,,,,,,
CMD | CABA,,,,,,,,Liniers,,,mudanzas en liniers,Exact,Enabled,,,,,,,,,,,,,,,,,,,,,,,,
CMD | CABA,,,,,,,,Liniers,,,empresa de mudanzas liniers,Phrase,Enabled,,,,,,,,,,,,,,,,,,,,,,,,
CMD | CABA,,,,,,,,Liniers,,,empresa de mudanzas liniers,Exact,Enabled,,,,,,,,,,,,,,,,,,,,,,,,
CMD | CABA,,,,,,,,Liniers,,,presupuesto mudanza liniers,Phrase,Enabled,,,,,,,,,,,,,,,,,,,,,,,,
CMD | CABA,,,,,,,,Liniers,,,presupuesto mudanza liniers,Exact,Enabled,,,,,,,,,,,,,,,,,,,,,,,,
CMD | CABA,,,,,,,,Liniers,,,fletes liniers,Phrase,Enabled,,,,,,,,,,,,,,,,,,,,,,,,
CMD | CABA,,,,,,,,Liniers,,,fletes liniers,Exact,Enabled,,,,,,,,,,,,,,,,,,,,,,,,
CMD | CABA,,,,,,,,Liniers,,,,,,Responsive search ad,https://www.cmdmudanzas.com/mudanzas-liniers,mudanzas,,Mudanzas en Liniers,Mudanzas Liniers,Empresa de Mudanzas Liniers,Seguro Incluido Siempre,Camiones de 20 a 50 m³,Plataforma Hasta 1.200 kg,Cotizá Gratis Sin Cargo,Respuesta en 24 Horas,Embalaje y Desembalaje,Personal Capacitado,Consultá por WhatsApp,Presupuesto Sin Cargo,Cuidamos Tus Cosas,Carga y Descarga Incluida,Mudate Sin Estrés,"Mudanzas en Liniers con camiones propios, plataforma elevadora y seguro.","Camiones propios de 20 a 50 m³, plataforma elevadora y seguro incluido en cada viaje.",Cotizá tu mudanza sin cargo. Te respondemos en menos de 24 horas por WhatsApp.,"Mudanzas de casas, departamentos y oficinas. Embalaje, carga, descarga y ayudantes.",Enabled
CMD | CABA,,,,,,,,Mataderos,400,Enabled,,,,,,,,,,,,,,,,,,,,,,,,,,,
CMD | CABA,,,,,,,,Mataderos,,,mudanzas mataderos,Phrase,Enabled,,,,,,,,,,,,,,,,,,,,,,,,
CMD | CABA,,,,,,,,Mataderos,,,mudanzas mataderos,Exact,Enabled,,,,,,,,,,,,,,,,,,,,,,,,
CMD | CABA,,,,,,,,Mataderos,,,mudanzas en mataderos,Phrase,Enabled,,,,,,,,,,,,,,,,,,,,,,,,
CMD | CABA,,,,,,,,Mataderos,,,mudanzas en mataderos,Exact,Enabled,,,,,,,,,,,,,,,,,,,,,,,,
CMD | CABA,,,,,,,,Mataderos,,,empresa de mudanzas mataderos,Phrase,Enabled,,,,,,,,,,,,,,,,,,,,,,,,
CMD | CABA,,,,,,,,Mataderos,,,empresa de mudanzas mataderos,Exact,Enabled,,,,,,,,,,,,,,,,,,,,,,,,
CMD | CABA,,,,,,,,Mataderos,,,presupuesto mudanza mataderos,Phrase,Enabled,,,,,,,,,,,,,,,,,,,,,,,,
CMD | CABA,,,,,,,,Mataderos,,,presupuesto mudanza mataderos,Exact,Enabled,,,,,,,,,,,,,,,,,,,,,,,,
CMD | CABA,,,,,,,,Mataderos,,,fletes mataderos,Phrase,Enabled,,,,,,,,,,,,,,,,,,,,,,,,
CMD | CABA,,,,,,,,Mataderos,,,fletes mataderos,Exact,Enabled,,,,,,,,,,,,,,,,,,,,,,,,
CMD | CABA,,,,,,,,Mataderos,,,,,,Responsive search ad,https://www.cmdmudanzas.com/mudanzas-mataderos,mudanzas,,Mudanzas en Mataderos,Mudanzas Mataderos,Empresa de Mudanzas Mataderos,Seguro Incluido Siempre,Camiones de 20 a 50 m³,Plataforma Hasta 1.200 kg,Cotizá Gratis Sin Cargo,Respuesta en 24 Horas,Embalaje y Desembalaje,Personal Capacitado,Consultá por WhatsApp,Presupuesto Sin Cargo,Cuidamos Tus Cosas,Carga y Descarga Incluida,Mudate Sin Estrés,"Mudanzas en Mataderos con camiones propios, plataforma elevadora y seguro.","Camiones propios de 20 a 50 m³, plataforma elevadora y seguro incluido en cada viaje.",Cotizá tu mudanza sin cargo. Te respondemos en menos de 24 horas por WhatsApp.,"Mudanzas de casas, departamentos y oficinas. Embalaje, carga, descarga y ayudantes.",Enabled
CMD | CABA,,,,,,,,Monte Castro,400,Enabled,,,,,,,,,,,,,,,,,,,,,,,,,,,
CMD | CABA,,,,,,,,Monte Castro,,,mudanzas monte castro,Phrase,Enabled,,,,,,,,,,,,,,,,,,,,,,,,
CMD | CABA,,,,,,,,Monte Castro,,,mudanzas monte castro,Exact,Enabled,,,,,,,,,,,,,,,,,,,,,,,,
CMD | CABA,,,,,,,,Monte Castro,,,mudanzas en monte castro,Phrase,Enabled,,,,,,,,,,,,,,,,,,,,,,,,
CMD | CABA,,,,,,,,Monte Castro,,,mudanzas en monte castro,Exact,Enabled,,,,,,,,,,,,,,,,,,,,,,,,
CMD | CABA,,,,,,,,Monte Castro,,,empresa de mudanzas monte castro,Phrase,Enabled,,,,,,,,,,,,,,,,,,,,,,,,
CMD | CABA,,,,,,,,Monte Castro,,,empresa de mudanzas monte castro,Exact,Enabled,,,,,,,,,,,,,,,,,,,,,,,,
CMD | CABA,,,,,,,,Monte Castro,,,presupuesto mudanza monte castro,Phrase,Enabled,,,,,,,,,,,,,,,,,,,,,,,,
CMD | CABA,,,,,,,,Monte Castro,,,presupuesto mudanza monte castro,Exact,Enabled,,,,,,,,,,,,,,,,,,,,,,,,
CMD | CABA,,,,,,,,Monte Castro,,,fletes monte castro,Phrase,Enabled,,,,,,,,,,,,,,,,,,,,,,,,
CMD | CABA,,,,,,,,Monte Castro,,,fletes monte castro,Exact,Enabled,,,,,,,,,,,,,,,,,,,,,,,,
CMD | CABA,,,,,,,,Monte Castro,,,,,,Responsive search ad,https://www.cmdmudanzas.com/mudanzas-monte-castro,mudanzas,,Mudanzas en Monte Castro,Mudanzas Monte Castro,Seguro Incluido Siempre,Camiones de 20 a 50 m³,Plataforma Hasta 1.200 kg,Cotizá Gratis Sin Cargo,Respuesta en 24 Horas,Embalaje y Desembalaje,Personal Capacitado,Consultá por WhatsApp,Presupuesto Sin Cargo,Cuidamos Tus Cosas,Carga y Descarga Incluida,Mudate Sin Estrés,,"Mudanzas en Monte Castro con camiones propios, plataforma elevadora y seguro.","Camiones propios de 20 a 50 m³, plataforma elevadora y seguro incluido en cada viaje.",Cotizá tu mudanza sin cargo. Te respondemos en menos de 24 horas por WhatsApp.,"Mudanzas de casas, departamentos y oficinas. Embalaje, carga, descarga y ayudantes.",Enabled
CMD | CABA,,,,,,,,Montserrat,400,Enabled,,,,,,,,,,,,,,,,,,,,,,,,,,,
CMD | CABA,,,,,,,,Montserrat,,,mudanzas montserrat,Phrase,Enabled,,,,,,,,,,,,,,,,,,,,,,,,
CMD | CABA,,,,,,,,Montserrat,,,mudanzas montserrat,Exact,Enabled,,,,,,,,,,,,,,,,,,,,,,,,
CMD | CABA,,,,,,,,Montserrat,,,mudanzas en montserrat,Phrase,Enabled,,,,,,,,,,,,,,,,,,,,,,,,
CMD | CABA,,,,,,,,Montserrat,,,mudanzas en montserrat,Exact,Enabled,,,,,,,,,,,,,,,,,,,,,,,,
CMD | CABA,,,,,,,,Montserrat,,,empresa de mudanzas montserrat,Phrase,Enabled,,,,,,,,,,,,,,,,,,,,,,,,
CMD | CABA,,,,,,,,Montserrat,,,empresa de mudanzas montserrat,Exact,Enabled,,,,,,,,,,,,,,,,,,,,,,,,
CMD | CABA,,,,,,,,Montserrat,,,presupuesto mudanza montserrat,Phrase,Enabled,,,,,,,,,,,,,,,,,,,,,,,,
CMD | CABA,,,,,,,,Montserrat,,,presupuesto mudanza montserrat,Exact,Enabled,,,,,,,,,,,,,,,,,,,,,,,,
CMD | CABA,,,,,,,,Montserrat,,,fletes montserrat,Phrase,Enabled,,,,,,,,,,,,,,,,,,,,,,,,
CMD | CABA,,,,,,,,Montserrat,,,fletes montserrat,Exact,Enabled,,,,,,,,,,,,,,,,,,,,,,,,
CMD | CABA,,,,,,,,Montserrat,,,,,,Responsive search ad,https://www.cmdmudanzas.com/mudanzas-montserrat,mudanzas,,Mudanzas en Montserrat,Mudanzas Montserrat,Empresa de Mudanzas Montserrat,Seguro Incluido Siempre,Camiones de 20 a 50 m³,Plataforma Hasta 1.200 kg,Cotizá Gratis Sin Cargo,Respuesta en 24 Horas,Embalaje y Desembalaje,Personal Capacitado,Consultá por WhatsApp,Presupuesto Sin Cargo,Cuidamos Tus Cosas,Carga y Descarga Incluida,Mudate Sin Estrés,"Mudanzas en Montserrat con camiones propios, plataforma elevadora y seguro.","Camiones propios de 20 a 50 m³, plataforma elevadora y seguro incluido en cada viaje.",Cotizá tu mudanza sin cargo. Te respondemos en menos de 24 horas por WhatsApp.,"Mudanzas de casas, departamentos y oficinas. Embalaje, carga, descarga y ayudantes.",Enabled
CMD | CABA,,,,,,,,Nueva Pompeya,400,Enabled,,,,,,,,,,,,,,,,,,,,,,,,,,,
CMD | CABA,,,,,,,,Nueva Pompeya,,,mudanzas nueva pompeya,Phrase,Enabled,,,,,,,,,,,,,,,,,,,,,,,,
CMD | CABA,,,,,,,,Nueva Pompeya,,,mudanzas nueva pompeya,Exact,Enabled,,,,,,,,,,,,,,,,,,,,,,,,
CMD | CABA,,,,,,,,Nueva Pompeya,,,mudanzas en nueva pompeya,Phrase,Enabled,,,,,,,,,,,,,,,,,,,,,,,,
CMD | CABA,,,,,,,,Nueva Pompeya,,,mudanzas en nueva pompeya,Exact,Enabled,,,,,,,,,,,,,,,,,,,,,,,,
CMD | CABA,,,,,,,,Nueva Pompeya,,,empresa de mudanzas nueva pompeya,Phrase,Enabled,,,,,,,,,,,,,,,,,,,,,,,,
CMD | CABA,,,,,,,,Nueva Pompeya,,,empresa de mudanzas nueva pompeya,Exact,Enabled,,,,,,,,,,,,,,,,,,,,,,,,
CMD | CABA,,,,,,,,Nueva Pompeya,,,presupuesto mudanza nueva pompeya,Phrase,Enabled,,,,,,,,,,,,,,,,,,,,,,,,
CMD | CABA,,,,,,,,Nueva Pompeya,,,presupuesto mudanza nueva pompeya,Exact,Enabled,,,,,,,,,,,,,,,,,,,,,,,,
CMD | CABA,,,,,,,,Nueva Pompeya,,,fletes nueva pompeya,Phrase,Enabled,,,,,,,,,,,,,,,,,,,,,,,,
CMD | CABA,,,,,,,,Nueva Pompeya,,,fletes nueva pompeya,Exact,Enabled,,,,,,,,,,,,,,,,,,,,,,,,
CMD | CABA,,,,,,,,Nueva Pompeya,,,,,,Responsive search ad,https://www.cmdmudanzas.com/mudanzas-nueva-pompeya,mudanzas,,Mudanzas en Nueva Pompeya,Mudanzas Nueva Pompeya,Seguro Incluido Siempre,Camiones de 20 a 50 m³,Plataforma Hasta 1.200 kg,Cotizá Gratis Sin Cargo,Respuesta en 24 Horas,Embalaje y Desembalaje,Personal Capacitado,Consultá por WhatsApp,Presupuesto Sin Cargo,Cuidamos Tus Cosas,Carga y Descarga Incluida,Mudate Sin Estrés,,"Mudanzas en Nueva Pompeya con camiones propios, plataforma elevadora y seguro.","Camiones propios de 20 a 50 m³, plataforma elevadora y seguro incluido en cada viaje.",Cotizá tu mudanza sin cargo. Te respondemos en menos de 24 horas por WhatsApp.,"Mudanzas de casas, departamentos y oficinas. Embalaje, carga, descarga y ayudantes.",Enabled
CMD | CABA,,,,,,,,Núñez,400,Enabled,,,,,,,,,,,,,,,,,,,,,,,,,,,
CMD | CABA,,,,,,,,Núñez,,,mudanzas nunez,Phrase,Enabled,,,,,,,,,,,,,,,,,,,,,,,,
CMD | CABA,,,,,,,,Núñez,,,mudanzas nunez,Exact,Enabled,,,,,,,,,,,,,,,,,,,,,,,,
CMD | CABA,,,,,,,,Núñez,,,mudanzas en nunez,Phrase,Enabled,,,,,,,,,,,,,,,,,,,,,,,,
CMD | CABA,,,,,,,,Núñez,,,mudanzas en nunez,Exact,Enabled,,,,,,,,,,,,,,,,,,,,,,,,
CMD | CABA,,,,,,,,Núñez,,,empresa de mudanzas nunez,Phrase,Enabled,,,,,,,,,,,,,,,,,,,,,,,,
CMD | CABA,,,,,,,,Núñez,,,empresa de mudanzas nunez,Exact,Enabled,,,,,,,,,,,,,,,,,,,,,,,,
CMD | CABA,,,,,,,,Núñez,,,presupuesto mudanza nunez,Phrase,Enabled,,,,,,,,,,,,,,,,,,,,,,,,
CMD | CABA,,,,,,,,Núñez,,,presupuesto mudanza nunez,Exact,Enabled,,,,,,,,,,,,,,,,,,,,,,,,
CMD | CABA,,,,,,,,Núñez,,,fletes nunez,Phrase,Enabled,,,,,,,,,,,,,,,,,,,,,,,,
CMD | CABA,,,,,,,,Núñez,,,fletes nunez,Exact,Enabled,,,,,,,,,,,,,,,,,,,,,,,,
CMD | CABA,,,,,,,,Núñez,,,,,,Responsive search ad,https://www.cmdmudanzas.com/mudanzas-nunez,mudanzas,,Mudanzas en Núñez,Mudanzas Núñez,Empresa de Mudanzas Núñez,Seguro Incluido Siempre,Camiones de 20 a 50 m³,Plataforma Hasta 1.200 kg,Cotizá Gratis Sin Cargo,Respuesta en 24 Horas,Embalaje y Desembalaje,Personal Capacitado,Consultá por WhatsApp,Presupuesto Sin Cargo,Cuidamos Tus Cosas,Carga y Descarga Incluida,Mudate Sin Estrés,"Mudanzas en Núñez con camiones propios, plataforma elevadora y seguro.","Camiones propios de 20 a 50 m³, plataforma elevadora y seguro incluido en cada viaje.",Cotizá tu mudanza sin cargo. Te respondemos en menos de 24 horas por WhatsApp.,"Mudanzas de casas, departamentos y oficinas. Embalaje, carga, descarga y ayudantes.",Enabled
CMD | CABA,,,,,,,,Palermo,400,Enabled,,,,,,,,,,,,,,,,,,,,,,,,,,,
CMD | CABA,,,,,,,,Palermo,,,mudanzas palermo,Phrase,Enabled,,,,,,,,,,,,,,,,,,,,,,,,
CMD | CABA,,,,,,,,Palermo,,,mudanzas palermo,Exact,Enabled,,,,,,,,,,,,,,,,,,,,,,,,
CMD | CABA,,,,,,,,Palermo,,,mudanzas en palermo,Phrase,Enabled,,,,,,,,,,,,,,,,,,,,,,,,
CMD | CABA,,,,,,,,Palermo,,,mudanzas en palermo,Exact,Enabled,,,,,,,,,,,,,,,,,,,,,,,,
CMD | CABA,,,,,,,,Palermo,,,empresa de mudanzas palermo,Phrase,Enabled,,,,,,,,,,,,,,,,,,,,,,,,
CMD | CABA,,,,,,,,Palermo,,,empresa de mudanzas palermo,Exact,Enabled,,,,,,,,,,,,,,,,,,,,,,,,
CMD | CABA,,,,,,,,Palermo,,,presupuesto mudanza palermo,Phrase,Enabled,,,,,,,,,,,,,,,,,,,,,,,,
CMD | CABA,,,,,,,,Palermo,,,presupuesto mudanza palermo,Exact,Enabled,,,,,,,,,,,,,,,,,,,,,,,,
CMD | CABA,,,,,,,,Palermo,,,fletes palermo,Phrase,Enabled,,,,,,,,,,,,,,,,,,,,,,,,
CMD | CABA,,,,,,,,Palermo,,,fletes palermo,Exact,Enabled,,,,,,,,,,,,,,,,,,,,,,,,
CMD | CABA,,,,,,,,Palermo,,,,,,Responsive search ad,https://www.cmdmudanzas.com/mudanzas-palermo,mudanzas,,Mudanzas en Palermo,Mudanzas Palermo,Empresa de Mudanzas Palermo,Seguro Incluido Siempre,Camiones de 20 a 50 m³,Plataforma Hasta 1.200 kg,Cotizá Gratis Sin Cargo,Respuesta en 24 Horas,Embalaje y Desembalaje,Personal Capacitado,Consultá por WhatsApp,Presupuesto Sin Cargo,Cuidamos Tus Cosas,Carga y Descarga Incluida,Mudate Sin Estrés,"Mudanzas en Palermo con camiones propios, plataforma elevadora y seguro.","Camiones propios de 20 a 50 m³, plataforma elevadora y seguro incluido en cada viaje.",Cotizá tu mudanza sin cargo. Te respondemos en menos de 24 horas por WhatsApp.,"Mudanzas de casas, departamentos y oficinas. Embalaje, carga, descarga y ayudantes.",Enabled
CMD | CABA,,,,,,,,Parque Avellaneda,400,Enabled,,,,,,,,,,,,,,,,,,,,,,,,,,,
CMD | CABA,,,,,,,,Parque Avellaneda,,,mudanzas parque avellaneda,Phrase,Enabled,,,,,,,,,,,,,,,,,,,,,,,,
CMD | CABA,,,,,,,,Parque Avellaneda,,,mudanzas parque avellaneda,Exact,Enabled,,,,,,,,,,,,,,,,,,,,,,,,
CMD | CABA,,,,,,,,Parque Avellaneda,,,mudanzas en parque avellaneda,Phrase,Enabled,,,,,,,,,,,,,,,,,,,,,,,,
CMD | CABA,,,,,,,,Parque Avellaneda,,,mudanzas en parque avellaneda,Exact,Enabled,,,,,,,,,,,,,,,,,,,,,,,,
CMD | CABA,,,,,,,,Parque Avellaneda,,,empresa de mudanzas parque avellaneda,Phrase,Enabled,,,,,,,,,,,,,,,,,,,,,,,,
CMD | CABA,,,,,,,,Parque Avellaneda,,,empresa de mudanzas parque avellaneda,Exact,Enabled,,,,,,,,,,,,,,,,,,,,,,,,
CMD | CABA,,,,,,,,Parque Avellaneda,,,presupuesto mudanza parque avellaneda,Phrase,Enabled,,,,,,,,,,,,,,,,,,,,,,,,
CMD | CABA,,,,,,,,Parque Avellaneda,,,presupuesto mudanza parque avellaneda,Exact,Enabled,,,,,,,,,,,,,,,,,,,,,,,,
CMD | CABA,,,,,,,,Parque Avellaneda,,,fletes parque avellaneda,Phrase,Enabled,,,,,,,,,,,,,,,,,,,,,,,,
CMD | CABA,,,,,,,,Parque Avellaneda,,,fletes parque avellaneda,Exact,Enabled,,,,,,,,,,,,,,,,,,,,,,,,
CMD | CABA,,,,,,,,Parque Avellaneda,,,,,,Responsive search ad,https://www.cmdmudanzas.com/mudanzas-parque-avellaneda,mudanzas,,Mudanzas en Parque Avellaneda,Mudanzas Parque Avellaneda,Seguro Incluido Siempre,Camiones de 20 a 50 m³,Plataforma Hasta 1.200 kg,Cotizá Gratis Sin Cargo,Respuesta en 24 Horas,Embalaje y Desembalaje,Personal Capacitado,Consultá por WhatsApp,Presupuesto Sin Cargo,Cuidamos Tus Cosas,Carga y Descarga Incluida,Mudate Sin Estrés,,"Mudanzas en Parque Avellaneda con camiones propios, plataforma elevadora y seguro.","Camiones propios de 20 a 50 m³, plataforma elevadora y seguro incluido en cada viaje.",Cotizá tu mudanza sin cargo. Te respondemos en menos de 24 horas por WhatsApp.,"Mudanzas de casas, departamentos y oficinas. Embalaje, carga, descarga y ayudantes.",Enabled
CMD | CABA,,,,,,,,Parque Chacabuco,400,Enabled,,,,,,,,,,,,,,,,,,,,,,,,,,,
CMD | CABA,,,,,,,,Parque Chacabuco,,,mudanzas parque chacabuco,Phrase,Enabled,,,,,,,,,,,,,,,,,,,,,,,,
CMD | CABA,,,,,,,,Parque Chacabuco,,,mudanzas parque chacabuco,Exact,Enabled,,,,,,,,,,,,,,,,,,,,,,,,
CMD | CABA,,,,,,,,Parque Chacabuco,,,mudanzas en parque chacabuco,Phrase,Enabled,,,,,,,,,,,,,,,,,,,,,,,,
CMD | CABA,,,,,,,,Parque Chacabuco,,,mudanzas en parque chacabuco,Exact,Enabled,,,,,,,,,,,,,,,,,,,,,,,,
CMD | CABA,,,,,,,,Parque Chacabuco,,,empresa de mudanzas parque chacabuco,Phrase,Enabled,,,,,,,,,,,,,,,,,,,,,,,,
CMD | CABA,,,,,,,,Parque Chacabuco,,,empresa de mudanzas parque chacabuco,Exact,Enabled,,,,,,,,,,,,,,,,,,,,,,,,
CMD | CABA,,,,,,,,Parque Chacabuco,,,presupuesto mudanza parque chacabuco,Phrase,Enabled,,,,,,,,,,,,,,,,,,,,,,,,
CMD | CABA,,,,,,,,Parque Chacabuco,,,presupuesto mudanza parque chacabuco,Exact,Enabled,,,,,,,,,,,,,,,,,,,,,,,,
CMD | CABA,,,,,,,,Parque Chacabuco,,,fletes parque chacabuco,Phrase,Enabled,,,,,,,,,,,,,,,,,,,,,,,,
CMD | CABA,,,,,,,,Parque Chacabuco,,,fletes parque chacabuco,Exact,Enabled,,,,,,,,,,,,,,,,,,,,,,,,
CMD | CABA,,,,,,,,Parque Chacabuco,,,,,,Responsive search ad,https://www.cmdmudanzas.com/mudanzas-parque-chacabuco,mudanzas,,Mudanzas en Parque Chacabuco,Mudanzas Parque Chacabuco,Seguro Incluido Siempre,Camiones de 20 a 50 m³,Plataforma Hasta 1.200 kg,Cotizá Gratis Sin Cargo,Respuesta en 24 Horas,Embalaje y Desembalaje,Personal Capacitado,Consultá por WhatsApp,Presupuesto Sin Cargo,Cuidamos Tus Cosas,Carga y Descarga Incluida,Mudate Sin Estrés,,"Mudanzas en Parque Chacabuco con camiones propios, plataforma elevadora y seguro.","Camiones propios de 20 a 50 m³, plataforma elevadora y seguro incluido en cada viaje.",Cotizá tu mudanza sin cargo. Te respondemos en menos de 24 horas por WhatsApp.,"Mudanzas de casas, departamentos y oficinas. Embalaje, carga, descarga y ayudantes.",Enabled
CMD | CABA,,,,,,,,Parque Chas,400,Enabled,,,,,,,,,,,,,,,,,,,,,,,,,,,
CMD | CABA,,,,,,,,Parque Chas,,,mudanzas parque chas,Phrase,Enabled,,,,,,,,,,,,,,,,,,,,,,,,
CMD | CABA,,,,,,,,Parque Chas,,,mudanzas parque chas,Exact,Enabled,,,,,,,,,,,,,,,,,,,,,,,,
CMD | CABA,,,,,,,,Parque Chas,,,mudanzas en parque chas,Phrase,Enabled,,,,,,,,,,,,,,,,,,,,,,,,
CMD | CABA,,,,,,,,Parque Chas,,,mudanzas en parque chas,Exact,Enabled,,,,,,,,,,,,,,,,,,,,,,,,
CMD | CABA,,,,,,,,Parque Chas,,,empresa de mudanzas parque chas,Phrase,Enabled,,,,,,,,,,,,,,,,,,,,,,,,
CMD | CABA,,,,,,,,Parque Chas,,,empresa de mudanzas parque chas,Exact,Enabled,,,,,,,,,,,,,,,,,,,,,,,,
CMD | CABA,,,,,,,,Parque Chas,,,presupuesto mudanza parque chas,Phrase,Enabled,,,,,,,,,,,,,,,,,,,,,,,,
CMD | CABA,,,,,,,,Parque Chas,,,presupuesto mudanza parque chas,Exact,Enabled,,,,,,,,,,,,,,,,,,,,,,,,
CMD | CABA,,,,,,,,Parque Chas,,,fletes parque chas,Phrase,Enabled,,,,,,,,,,,,,,,,,,,,,,,,
CMD | CABA,,,,,,,,Parque Chas,,,fletes parque chas,Exact,Enabled,,,,,,,,,,,,,,,,,,,,,,,,
CMD | CABA,,,,,,,,Parque Chas,,,,,,Responsive search ad,https://www.cmdmudanzas.com/mudanzas-parque-chas,mudanzas,,Mudanzas en Parque Chas,Mudanzas Parque Chas,Seguro Incluido Siempre,Camiones de 20 a 50 m³,Plataforma Hasta 1.200 kg,Cotizá Gratis Sin Cargo,Respuesta en 24 Horas,Embalaje y Desembalaje,Personal Capacitado,Consultá por WhatsApp,Presupuesto Sin Cargo,Cuidamos Tus Cosas,Carga y Descarga Incluida,Mudate Sin Estrés,,"Mudanzas en Parque Chas con camiones propios, plataforma elevadora y seguro.","Camiones propios de 20 a 50 m³, plataforma elevadora y seguro incluido en cada viaje.",Cotizá tu mudanza sin cargo. Te respondemos en menos de 24 horas por WhatsApp.,"Mudanzas de casas, departamentos y oficinas. Embalaje, carga, descarga y ayudantes.",Enabled
CMD | CABA,,,,,,,,Parque Patricios,400,Enabled,,,,,,,,,,,,,,,,,,,,,,,,,,,
CMD | CABA,,,,,,,,Parque Patricios,,,mudanzas parque patricios,Phrase,Enabled,,,,,,,,,,,,,,,,,,,,,,,,
CMD | CABA,,,,,,,,Parque Patricios,,,mudanzas parque patricios,Exact,Enabled,,,,,,,,,,,,,,,,,,,,,,,,
CMD | CABA,,,,,,,,Parque Patricios,,,mudanzas en parque patricios,Phrase,Enabled,,,,,,,,,,,,,,,,,,,,,,,,
CMD | CABA,,,,,,,,Parque Patricios,,,mudanzas en parque patricios,Exact,Enabled,,,,,,,,,,,,,,,,,,,,,,,,
CMD | CABA,,,,,,,,Parque Patricios,,,empresa de mudanzas parque patricios,Phrase,Enabled,,,,,,,,,,,,,,,,,,,,,,,,
CMD | CABA,,,,,,,,Parque Patricios,,,empresa de mudanzas parque patricios,Exact,Enabled,,,,,,,,,,,,,,,,,,,,,,,,
CMD | CABA,,,,,,,,Parque Patricios,,,presupuesto mudanza parque patricios,Phrase,Enabled,,,,,,,,,,,,,,,,,,,,,,,,
CMD | CABA,,,,,,,,Parque Patricios,,,presupuesto mudanza parque patricios,Exact,Enabled,,,,,,,,,,,,,,,,,,,,,,,,
CMD | CABA,,,,,,,,Parque Patricios,,,fletes parque patricios,Phrase,Enabled,,,,,,,,,,,,,,,,,,,,,,,,
CMD | CABA,,,,,,,,Parque Patricios,,,fletes parque patricios,Exact,Enabled,,,,,,,,,,,,,,,,,,,,,,,,
CMD | CABA,,,,,,,,Parque Patricios,,,,,,Responsive search ad,https://www.cmdmudanzas.com/mudanzas-parque-patricios,mudanzas,,Mudanzas en Parque Patricios,Mudanzas Parque Patricios,Seguro Incluido Siempre,Camiones de 20 a 50 m³,Plataforma Hasta 1.200 kg,Cotizá Gratis Sin Cargo,Respuesta en 24 Horas,Embalaje y Desembalaje,Personal Capacitado,Consultá por WhatsApp,Presupuesto Sin Cargo,Cuidamos Tus Cosas,Carga y Descarga Incluida,Mudate Sin Estrés,,"Mudanzas en Parque Patricios con camiones propios, plataforma elevadora y seguro.","Camiones propios de 20 a 50 m³, plataforma elevadora y seguro incluido en cada viaje.",Cotizá tu mudanza sin cargo. Te respondemos en menos de 24 horas por WhatsApp.,"Mudanzas de casas, departamentos y oficinas. Embalaje, carga, descarga y ayudantes.",Enabled
CMD | CABA,,,,,,,,Puerto Madero,400,Enabled,,,,,,,,,,,,,,,,,,,,,,,,,,,
CMD | CABA,,,,,,,,Puerto Madero,,,mudanzas puerto madero,Phrase,Enabled,,,,,,,,,,,,,,,,,,,,,,,,
CMD | CABA,,,,,,,,Puerto Madero,,,mudanzas puerto madero,Exact,Enabled,,,,,,,,,,,,,,,,,,,,,,,,
CMD | CABA,,,,,,,,Puerto Madero,,,mudanzas en puerto madero,Phrase,Enabled,,,,,,,,,,,,,,,,,,,,,,,,
CMD | CABA,,,,,,,,Puerto Madero,,,mudanzas en puerto madero,Exact,Enabled,,,,,,,,,,,,,,,,,,,,,,,,
CMD | CABA,,,,,,,,Puerto Madero,,,empresa de mudanzas puerto madero,Phrase,Enabled,,,,,,,,,,,,,,,,,,,,,,,,
CMD | CABA,,,,,,,,Puerto Madero,,,empresa de mudanzas puerto madero,Exact,Enabled,,,,,,,,,,,,,,,,,,,,,,,,
CMD | CABA,,,,,,,,Puerto Madero,,,presupuesto mudanza puerto madero,Phrase,Enabled,,,,,,,,,,,,,,,,,,,,,,,,
CMD | CABA,,,,,,,,Puerto Madero,,,presupuesto mudanza puerto madero,Exact,Enabled,,,,,,,,,,,,,,,,,,,,,,,,
CMD | CABA,,,,,,,,Puerto Madero,,,fletes puerto madero,Phrase,Enabled,,,,,,,,,,,,,,,,,,,,,,,,
CMD | CABA,,,,,,,,Puerto Madero,,,fletes puerto madero,Exact,Enabled,,,,,,,,,,,,,,,,,,,,,,,,
CMD | CABA,,,,,,,,Puerto Madero,,,,,,Responsive search ad,https://www.cmdmudanzas.com/mudanzas-puerto-madero,mudanzas,,Mudanzas en Puerto Madero,Mudanzas Puerto Madero,Seguro Incluido Siempre,Camiones de 20 a 50 m³,Plataforma Hasta 1.200 kg,Cotizá Gratis Sin Cargo,Respuesta en 24 Horas,Embalaje y Desembalaje,Personal Capacitado,Consultá por WhatsApp,Presupuesto Sin Cargo,Cuidamos Tus Cosas,Carga y Descarga Incluida,Mudate Sin Estrés,,"Mudanzas en Puerto Madero con camiones propios, plataforma elevadora y seguro.","Camiones propios de 20 a 50 m³, plataforma elevadora y seguro incluido en cada viaje.",Cotizá tu mudanza sin cargo. Te respondemos en menos de 24 horas por WhatsApp.,"Mudanzas de casas, departamentos y oficinas. Embalaje, carga, descarga y ayudantes.",Enabled
CMD | CABA,,,,,,,,Recoleta,400,Enabled,,,,,,,,,,,,,,,,,,,,,,,,,,,
CMD | CABA,,,,,,,,Recoleta,,,mudanzas recoleta,Phrase,Enabled,,,,,,,,,,,,,,,,,,,,,,,,
CMD | CABA,,,,,,,,Recoleta,,,mudanzas recoleta,Exact,Enabled,,,,,,,,,,,,,,,,,,,,,,,,
CMD | CABA,,,,,,,,Recoleta,,,mudanzas en recoleta,Phrase,Enabled,,,,,,,,,,,,,,,,,,,,,,,,
CMD | CABA,,,,,,,,Recoleta,,,mudanzas en recoleta,Exact,Enabled,,,,,,,,,,,,,,,,,,,,,,,,
CMD | CABA,,,,,,,,Recoleta,,,empresa de mudanzas recoleta,Phrase,Enabled,,,,,,,,,,,,,,,,,,,,,,,,
CMD | CABA,,,,,,,,Recoleta,,,empresa de mudanzas recoleta,Exact,Enabled,,,,,,,,,,,,,,,,,,,,,,,,
CMD | CABA,,,,,,,,Recoleta,,,presupuesto mudanza recoleta,Phrase,Enabled,,,,,,,,,,,,,,,,,,,,,,,,
CMD | CABA,,,,,,,,Recoleta,,,presupuesto mudanza recoleta,Exact,Enabled,,,,,,,,,,,,,,,,,,,,,,,,
CMD | CABA,,,,,,,,Recoleta,,,fletes recoleta,Phrase,Enabled,,,,,,,,,,,,,,,,,,,,,,,,
CMD | CABA,,,,,,,,Recoleta,,,fletes recoleta,Exact,Enabled,,,,,,,,,,,,,,,,,,,,,,,,
CMD | CABA,,,,,,,,Recoleta,,,,,,Responsive search ad,https://www.cmdmudanzas.com/mudanzas-recoleta,mudanzas,,Mudanzas en Recoleta,Mudanzas Recoleta,Empresa de Mudanzas Recoleta,Seguro Incluido Siempre,Camiones de 20 a 50 m³,Plataforma Hasta 1.200 kg,Cotizá Gratis Sin Cargo,Respuesta en 24 Horas,Embalaje y Desembalaje,Personal Capacitado,Consultá por WhatsApp,Presupuesto Sin Cargo,Cuidamos Tus Cosas,Carga y Descarga Incluida,Mudate Sin Estrés,"Mudanzas en Recoleta con camiones propios, plataforma elevadora y seguro.","Camiones propios de 20 a 50 m³, plataforma elevadora y seguro incluido en cada viaje.",Cotizá tu mudanza sin cargo. Te respondemos en menos de 24 horas por WhatsApp.,"Mudanzas de casas, departamentos y oficinas. Embalaje, carga, descarga y ayudantes.",Enabled
CMD | CABA,,,,,,,,Retiro,400,Enabled,,,,,,,,,,,,,,,,,,,,,,,,,,,
CMD | CABA,,,,,,,,Retiro,,,mudanzas retiro,Phrase,Enabled,,,,,,,,,,,,,,,,,,,,,,,,
CMD | CABA,,,,,,,,Retiro,,,mudanzas retiro,Exact,Enabled,,,,,,,,,,,,,,,,,,,,,,,,
CMD | CABA,,,,,,,,Retiro,,,mudanzas en retiro,Phrase,Enabled,,,,,,,,,,,,,,,,,,,,,,,,
CMD | CABA,,,,,,,,Retiro,,,mudanzas en retiro,Exact,Enabled,,,,,,,,,,,,,,,,,,,,,,,,
CMD | CABA,,,,,,,,Retiro,,,empresa de mudanzas retiro,Phrase,Enabled,,,,,,,,,,,,,,,,,,,,,,,,
CMD | CABA,,,,,,,,Retiro,,,empresa de mudanzas retiro,Exact,Enabled,,,,,,,,,,,,,,,,,,,,,,,,
CMD | CABA,,,,,,,,Retiro,,,presupuesto mudanza retiro,Phrase,Enabled,,,,,,,,,,,,,,,,,,,,,,,,
CMD | CABA,,,,,,,,Retiro,,,presupuesto mudanza retiro,Exact,Enabled,,,,,,,,,,,,,,,,,,,,,,,,
CMD | CABA,,,,,,,,Retiro,,,fletes retiro,Phrase,Enabled,,,,,,,,,,,,,,,,,,,,,,,,
CMD | CABA,,,,,,,,Retiro,,,fletes retiro,Exact,Enabled,,,,,,,,,,,,,,,,,,,,,,,,
CMD | CABA,,,,,,,,Retiro,,,,,,Responsive search ad,https://www.cmdmudanzas.com/mudanzas-retiro,mudanzas,,Mudanzas en Retiro,Mudanzas Retiro,Empresa de Mudanzas Retiro,Seguro Incluido Siempre,Camiones de 20 a 50 m³,Plataforma Hasta 1.200 kg,Cotizá Gratis Sin Cargo,Respuesta en 24 Horas,Embalaje y Desembalaje,Personal Capacitado,Consultá por WhatsApp,Presupuesto Sin Cargo,Cuidamos Tus Cosas,Carga y Descarga Incluida,Mudate Sin Estrés,"Mudanzas en Retiro con camiones propios, plataforma elevadora y seguro.","Camiones propios de 20 a 50 m³, plataforma elevadora y seguro incluido en cada viaje.",Cotizá tu mudanza sin cargo. Te respondemos en menos de 24 horas por WhatsApp.,"Mudanzas de casas, departamentos y oficinas. Embalaje, carga, descarga y ayudantes.",Enabled
CMD | CABA,,,,,,,,Saavedra,400,Enabled,,,,,,,,,,,,,,,,,,,,,,,,,,,
CMD | CABA,,,,,,,,Saavedra,,,mudanzas saavedra,Phrase,Enabled,,,,,,,,,,,,,,,,,,,,,,,,
CMD | CABA,,,,,,,,Saavedra,,,mudanzas saavedra,Exact,Enabled,,,,,,,,,,,,,,,,,,,,,,,,
CMD | CABA,,,,,,,,Saavedra,,,mudanzas en saavedra,Phrase,Enabled,,,,,,,,,,,,,,,,,,,,,,,,
CMD | CABA,,,,,,,,Saavedra,,,mudanzas en saavedra,Exact,Enabled,,,,,,,,,,,,,,,,,,,,,,,,
CMD | CABA,,,,,,,,Saavedra,,,empresa de mudanzas saavedra,Phrase,Enabled,,,,,,,,,,,,,,,,,,,,,,,,
CMD | CABA,,,,,,,,Saavedra,,,empresa de mudanzas saavedra,Exact,Enabled,,,,,,,,,,,,,,,,,,,,,,,,
CMD | CABA,,,,,,,,Saavedra,,,presupuesto mudanza saavedra,Phrase,Enabled,,,,,,,,,,,,,,,,,,,,,,,,
CMD | CABA,,,,,,,,Saavedra,,,presupuesto mudanza saavedra,Exact,Enabled,,,,,,,,,,,,,,,,,,,,,,,,
CMD | CABA,,,,,,,,Saavedra,,,fletes saavedra,Phrase,Enabled,,,,,,,,,,,,,,,,,,,,,,,,
CMD | CABA,,,,,,,,Saavedra,,,fletes saavedra,Exact,Enabled,,,,,,,,,,,,,,,,,,,,,,,,
CMD | CABA,,,,,,,,Saavedra,,,,,,Responsive search ad,https://www.cmdmudanzas.com/mudanzas-saavedra,mudanzas,,Mudanzas en Saavedra,Mudanzas Saavedra,Empresa de Mudanzas Saavedra,Seguro Incluido Siempre,Camiones de 20 a 50 m³,Plataforma Hasta 1.200 kg,Cotizá Gratis Sin Cargo,Respuesta en 24 Horas,Embalaje y Desembalaje,Personal Capacitado,Consultá por WhatsApp,Presupuesto Sin Cargo,Cuidamos Tus Cosas,Carga y Descarga Incluida,Mudate Sin Estrés,"Mudanzas en Saavedra con camiones propios, plataforma elevadora y seguro.","Camiones propios de 20 a 50 m³, plataforma elevadora y seguro incluido en cada viaje.",Cotizá tu mudanza sin cargo. Te respondemos en menos de 24 horas por WhatsApp.,"Mudanzas de casas, departamentos y oficinas. Embalaje, carga, descarga y ayudantes.",Enabled
CMD | CABA,,,,,,,,San Cristóbal,400,Enabled,,,,,,,,,,,,,,,,,,,,,,,,,,,
CMD | CABA,,,,,,,,San Cristóbal,,,mudanzas san cristobal,Phrase,Enabled,,,,,,,,,,,,,,,,,,,,,,,,
CMD | CABA,,,,,,,,San Cristóbal,,,mudanzas san cristobal,Exact,Enabled,,,,,,,,,,,,,,,,,,,,,,,,
CMD | CABA,,,,,,,,San Cristóbal,,,mudanzas en san cristobal,Phrase,Enabled,,,,,,,,,,,,,,,,,,,,,,,,
CMD | CABA,,,,,,,,San Cristóbal,,,mudanzas en san cristobal,Exact,Enabled,,,,,,,,,,,,,,,,,,,,,,,,
CMD | CABA,,,,,,,,San Cristóbal,,,empresa de mudanzas san cristobal,Phrase,Enabled,,,,,,,,,,,,,,,,,,,,,,,,
CMD | CABA,,,,,,,,San Cristóbal,,,empresa de mudanzas san cristobal,Exact,Enabled,,,,,,,,,,,,,,,,,,,,,,,,
CMD | CABA,,,,,,,,San Cristóbal,,,presupuesto mudanza san cristobal,Phrase,Enabled,,,,,,,,,,,,,,,,,,,,,,,,
CMD | CABA,,,,,,,,San Cristóbal,,,presupuesto mudanza san cristobal,Exact,Enabled,,,,,,,,,,,,,,,,,,,,,,,,
CMD | CABA,,,,,,,,San Cristóbal,,,fletes san cristobal,Phrase,Enabled,,,,,,,,,,,,,,,,,,,,,,,,
CMD | CABA,,,,,,,,San Cristóbal,,,fletes san cristobal,Exact,Enabled,,,,,,,,,,,,,,,,,,,,,,,,
CMD | CABA,,,,,,,,San Cristóbal,,,,,,Responsive search ad,https://www.cmdmudanzas.com/mudanzas-san-cristobal,mudanzas,,Mudanzas en San Cristóbal,Mudanzas San Cristóbal,Seguro Incluido Siempre,Camiones de 20 a 50 m³,Plataforma Hasta 1.200 kg,Cotizá Gratis Sin Cargo,Respuesta en 24 Horas,Embalaje y Desembalaje,Personal Capacitado,Consultá por WhatsApp,Presupuesto Sin Cargo,Cuidamos Tus Cosas,Carga y Descarga Incluida,Mudate Sin Estrés,,"Mudanzas en San Cristóbal con camiones propios, plataforma elevadora y seguro.","Camiones propios de 20 a 50 m³, plataforma elevadora y seguro incluido en cada viaje.",Cotizá tu mudanza sin cargo. Te respondemos en menos de 24 horas por WhatsApp.,"Mudanzas de casas, departamentos y oficinas. Embalaje, carga, descarga y ayudantes.",Enabled
CMD | CABA,,,,,,,,San Nicolás,400,Enabled,,,,,,,,,,,,,,,,,,,,,,,,,,,
CMD | CABA,,,,,,,,San Nicolás,,,mudanzas san nicolas,Phrase,Enabled,,,,,,,,,,,,,,,,,,,,,,,,
CMD | CABA,,,,,,,,San Nicolás,,,mudanzas san nicolas,Exact,Enabled,,,,,,,,,,,,,,,,,,,,,,,,
CMD | CABA,,,,,,,,San Nicolás,,,mudanzas en san nicolas,Phrase,Enabled,,,,,,,,,,,,,,,,,,,,,,,,
CMD | CABA,,,,,,,,San Nicolás,,,mudanzas en san nicolas,Exact,Enabled,,,,,,,,,,,,,,,,,,,,,,,,
CMD | CABA,,,,,,,,San Nicolás,,,empresa de mudanzas san nicolas,Phrase,Enabled,,,,,,,,,,,,,,,,,,,,,,,,
CMD | CABA,,,,,,,,San Nicolás,,,empresa de mudanzas san nicolas,Exact,Enabled,,,,,,,,,,,,,,,,,,,,,,,,
CMD | CABA,,,,,,,,San Nicolás,,,presupuesto mudanza san nicolas,Phrase,Enabled,,,,,,,,,,,,,,,,,,,,,,,,
CMD | CABA,,,,,,,,San Nicolás,,,presupuesto mudanza san nicolas,Exact,Enabled,,,,,,,,,,,,,,,,,,,,,,,,
CMD | CABA,,,,,,,,San Nicolás,,,fletes san nicolas,Phrase,Enabled,,,,,,,,,,,,,,,,,,,,,,,,
CMD | CABA,,,,,,,,San Nicolás,,,fletes san nicolas,Exact,Enabled,,,,,,,,,,,,,,,,,,,,,,,,
CMD | CABA,,,,,,,,San Nicolás,,,,,,Responsive search ad,https://www.cmdmudanzas.com/mudanzas-san-nicolas,mudanzas,,Mudanzas en San Nicolás,Mudanzas San Nicolás,Seguro Incluido Siempre,Camiones de 20 a 50 m³,Plataforma Hasta 1.200 kg,Cotizá Gratis Sin Cargo,Respuesta en 24 Horas,Embalaje y Desembalaje,Personal Capacitado,Consultá por WhatsApp,Presupuesto Sin Cargo,Cuidamos Tus Cosas,Carga y Descarga Incluida,Mudate Sin Estrés,,"Mudanzas en San Nicolás con camiones propios, plataforma elevadora y seguro.","Camiones propios de 20 a 50 m³, plataforma elevadora y seguro incluido en cada viaje.",Cotizá tu mudanza sin cargo. Te respondemos en menos de 24 horas por WhatsApp.,"Mudanzas de casas, departamentos y oficinas. Embalaje, carga, descarga y ayudantes.",Enabled
CMD | CABA,,,,,,,,San Telmo,400,Enabled,,,,,,,,,,,,,,,,,,,,,,,,,,,
CMD | CABA,,,,,,,,San Telmo,,,mudanzas san telmo,Phrase,Enabled,,,,,,,,,,,,,,,,,,,,,,,,
CMD | CABA,,,,,,,,San Telmo,,,mudanzas san telmo,Exact,Enabled,,,,,,,,,,,,,,,,,,,,,,,,
CMD | CABA,,,,,,,,San Telmo,,,mudanzas en san telmo,Phrase,Enabled,,,,,,,,,,,,,,,,,,,,,,,,
CMD | CABA,,,,,,,,San Telmo,,,mudanzas en san telmo,Exact,Enabled,,,,,,,,,,,,,,,,,,,,,,,,
CMD | CABA,,,,,,,,San Telmo,,,empresa de mudanzas san telmo,Phrase,Enabled,,,,,,,,,,,,,,,,,,,,,,,,
CMD | CABA,,,,,,,,San Telmo,,,empresa de mudanzas san telmo,Exact,Enabled,,,,,,,,,,,,,,,,,,,,,,,,
CMD | CABA,,,,,,,,San Telmo,,,presupuesto mudanza san telmo,Phrase,Enabled,,,,,,,,,,,,,,,,,,,,,,,,
CMD | CABA,,,,,,,,San Telmo,,,presupuesto mudanza san telmo,Exact,Enabled,,,,,,,,,,,,,,,,,,,,,,,,
CMD | CABA,,,,,,,,San Telmo,,,fletes san telmo,Phrase,Enabled,,,,,,,,,,,,,,,,,,,,,,,,
CMD | CABA,,,,,,,,San Telmo,,,fletes san telmo,Exact,Enabled,,,,,,,,,,,,,,,,,,,,,,,,
CMD | CABA,,,,,,,,San Telmo,,,,,,Responsive search ad,https://www.cmdmudanzas.com/mudanzas-san-telmo,mudanzas,,Mudanzas en San Telmo,Mudanzas San Telmo,Empresa de Mudanzas San Telmo,Seguro Incluido Siempre,Camiones de 20 a 50 m³,Plataforma Hasta 1.200 kg,Cotizá Gratis Sin Cargo,Respuesta en 24 Horas,Embalaje y Desembalaje,Personal Capacitado,Consultá por WhatsApp,Presupuesto Sin Cargo,Cuidamos Tus Cosas,Carga y Descarga Incluida,Mudate Sin Estrés,"Mudanzas en San Telmo con camiones propios, plataforma elevadora y seguro.","Camiones propios de 20 a 50 m³, plataforma elevadora y seguro incluido en cada viaje.",Cotizá tu mudanza sin cargo. Te respondemos en menos de 24 horas por WhatsApp.,"Mudanzas de casas, departamentos y oficinas. Embalaje, carga, descarga y ayudantes.",Enabled
CMD | CABA,,,,,,,,Vélez Sársfield,400,Enabled,,,,,,,,,,,,,,,,,,,,,,,,,,,
CMD | CABA,,,,,,,,Vélez Sársfield,,,mudanzas velez sarsfield,Phrase,Enabled,,,,,,,,,,,,,,,,,,,,,,,,
CMD | CABA,,,,,,,,Vélez Sársfield,,,mudanzas velez sarsfield,Exact,Enabled,,,,,,,,,,,,,,,,,,,,,,,,
CMD | CABA,,,,,,,,Vélez Sársfield,,,mudanzas en velez sarsfield,Phrase,Enabled,,,,,,,,,,,,,,,,,,,,,,,,
CMD | CABA,,,,,,,,Vélez Sársfield,,,mudanzas en velez sarsfield,Exact,Enabled,,,,,,,,,,,,,,,,,,,,,,,,
CMD | CABA,,,,,,,,Vélez Sársfield,,,empresa de mudanzas velez sarsfield,Phrase,Enabled,,,,,,,,,,,,,,,,,,,,,,,,
CMD | CABA,,,,,,,,Vélez Sársfield,,,empresa de mudanzas velez sarsfield,Exact,Enabled,,,,,,,,,,,,,,,,,,,,,,,,
CMD | CABA,,,,,,,,Vélez Sársfield,,,presupuesto mudanza velez sarsfield,Phrase,Enabled,,,,,,,,,,,,,,,,,,,,,,,,
CMD | CABA,,,,,,,,Vélez Sársfield,,,presupuesto mudanza velez sarsfield,Exact,Enabled,,,,,,,,,,,,,,,,,,,,,,,,
CMD | CABA,,,,,,,,Vélez Sársfield,,,fletes velez sarsfield,Phrase,Enabled,,,,,,,,,,,,,,,,,,,,,,,,
CMD | CABA,,,,,,,,Vélez Sársfield,,,fletes velez sarsfield,Exact,Enabled,,,,,,,,,,,,,,,,,,,,,,,,
CMD | CABA,,,,,,,,Vélez Sársfield,,,,,,Responsive search ad,https://www.cmdmudanzas.com/mudanzas-velez-sarsfield,mudanzas,,Mudanzas en Vélez Sársfield,Mudanzas Vélez Sársfield,Seguro Incluido Siempre,Camiones de 20 a 50 m³,Plataforma Hasta 1.200 kg,Cotizá Gratis Sin Cargo,Respuesta en 24 Horas,Embalaje y Desembalaje,Personal Capacitado,Consultá por WhatsApp,Presupuesto Sin Cargo,Cuidamos Tus Cosas,Carga y Descarga Incluida,Mudate Sin Estrés,,"Mudanzas en Vélez Sársfield con camiones propios, plataforma elevadora y seguro.","Camiones propios de 20 a 50 m³, plataforma elevadora y seguro incluido en cada viaje.",Cotizá tu mudanza sin cargo. Te respondemos en menos de 24 horas por WhatsApp.,"Mudanzas de casas, departamentos y oficinas. Embalaje, carga, descarga y ayudantes.",Enabled
CMD | CABA,,,,,,,,Versalles,400,Enabled,,,,,,,,,,,,,,,,,,,,,,,,,,,
CMD | CABA,,,,,,,,Versalles,,,mudanzas versalles,Phrase,Enabled,,,,,,,,,,,,,,,,,,,,,,,,
CMD | CABA,,,,,,,,Versalles,,,mudanzas versalles,Exact,Enabled,,,,,,,,,,,,,,,,,,,,,,,,
CMD | CABA,,,,,,,,Versalles,,,mudanzas en versalles,Phrase,Enabled,,,,,,,,,,,,,,,,,,,,,,,,
CMD | CABA,,,,,,,,Versalles,,,mudanzas en versalles,Exact,Enabled,,,,,,,,,,,,,,,,,,,,,,,,
CMD | CABA,,,,,,,,Versalles,,,empresa de mudanzas versalles,Phrase,Enabled,,,,,,,,,,,,,,,,,,,,,,,,
CMD | CABA,,,,,,,,Versalles,,,empresa de mudanzas versalles,Exact,Enabled,,,,,,,,,,,,,,,,,,,,,,,,
CMD | CABA,,,,,,,,Versalles,,,presupuesto mudanza versalles,Phrase,Enabled,,,,,,,,,,,,,,,,,,,,,,,,
CMD | CABA,,,,,,,,Versalles,,,presupuesto mudanza versalles,Exact,Enabled,,,,,,,,,,,,,,,,,,,,,,,,
CMD | CABA,,,,,,,,Versalles,,,fletes versalles,Phrase,Enabled,,,,,,,,,,,,,,,,,,,,,,,,
CMD | CABA,,,,,,,,Versalles,,,fletes versalles,Exact,Enabled,,,,,,,,,,,,,,,,,,,,,,,,
CMD | CABA,,,,,,,,Versalles,,,,,,Responsive search ad,https://www.cmdmudanzas.com/mudanzas-versalles,mudanzas,,Mudanzas en Versalles,Mudanzas Versalles,Empresa de Mudanzas Versalles,Seguro Incluido Siempre,Camiones de 20 a 50 m³,Plataforma Hasta 1.200 kg,Cotizá Gratis Sin Cargo,Respuesta en 24 Horas,Embalaje y Desembalaje,Personal Capacitado,Consultá por WhatsApp,Presupuesto Sin Cargo,Cuidamos Tus Cosas,Carga y Descarga Incluida,Mudate Sin Estrés,"Mudanzas en Versalles con camiones propios, plataforma elevadora y seguro.","Camiones propios de 20 a 50 m³, plataforma elevadora y seguro incluido en cada viaje.",Cotizá tu mudanza sin cargo. Te respondemos en menos de 24 horas por WhatsApp.,"Mudanzas de casas, departamentos y oficinas. Embalaje, carga, descarga y ayudantes.",Enabled
CMD | CABA,,,,,,,,Villa Crespo,400,Enabled,,,,,,,,,,,,,,,,,,,,,,,,,,,
CMD | CABA,,,,,,,,Villa Crespo,,,mudanzas villa crespo,Phrase,Enabled,,,,,,,,,,,,,,,,,,,,,,,,
CMD | CABA,,,,,,,,Villa Crespo,,,mudanzas villa crespo,Exact,Enabled,,,,,,,,,,,,,,,,,,,,,,,,
CMD | CABA,,,,,,,,Villa Crespo,,,mudanzas en villa crespo,Phrase,Enabled,,,,,,,,,,,,,,,,,,,,,,,,
CMD | CABA,,,,,,,,Villa Crespo,,,mudanzas en villa crespo,Exact,Enabled,,,,,,,,,,,,,,,,,,,,,,,,
CMD | CABA,,,,,,,,Villa Crespo,,,empresa de mudanzas villa crespo,Phrase,Enabled,,,,,,,,,,,,,,,,,,,,,,,,
CMD | CABA,,,,,,,,Villa Crespo,,,empresa de mudanzas villa crespo,Exact,Enabled,,,,,,,,,,,,,,,,,,,,,,,,
CMD | CABA,,,,,,,,Villa Crespo,,,presupuesto mudanza villa crespo,Phrase,Enabled,,,,,,,,,,,,,,,,,,,,,,,,
CMD | CABA,,,,,,,,Villa Crespo,,,presupuesto mudanza villa crespo,Exact,Enabled,,,,,,,,,,,,,,,,,,,,,,,,
CMD | CABA,,,,,,,,Villa Crespo,,,fletes villa crespo,Phrase,Enabled,,,,,,,,,,,,,,,,,,,,,,,,
CMD | CABA,,,,,,,,Villa Crespo,,,fletes villa crespo,Exact,Enabled,,,,,,,,,,,,,,,,,,,,,,,,
CMD | CABA,,,,,,,,Villa Crespo,,,,,,Responsive search ad,https://www.cmdmudanzas.com/mudanzas-villa-crespo,mudanzas,,Mudanzas en Villa Crespo,Mudanzas Villa Crespo,Seguro Incluido Siempre,Camiones de 20 a 50 m³,Plataforma Hasta 1.200 kg,Cotizá Gratis Sin Cargo,Respuesta en 24 Horas,Embalaje y Desembalaje,Personal Capacitado,Consultá por WhatsApp,Presupuesto Sin Cargo,Cuidamos Tus Cosas,Carga y Descarga Incluida,Mudate Sin Estrés,,"Mudanzas en Villa Crespo con camiones propios, plataforma elevadora y seguro.","Camiones propios de 20 a 50 m³, plataforma elevadora y seguro incluido en cada viaje.",Cotizá tu mudanza sin cargo. Te respondemos en menos de 24 horas por WhatsApp.,"Mudanzas de casas, departamentos y oficinas. Embalaje, carga, descarga y ayudantes.",Enabled
CMD | CABA,,,,,,,,Villa del Parque,400,Enabled,,,,,,,,,,,,,,,,,,,,,,,,,,,
CMD | CABA,,,,,,,,Villa del Parque,,,mudanzas villa del parque,Phrase,Enabled,,,,,,,,,,,,,,,,,,,,,,,,
CMD | CABA,,,,,,,,Villa del Parque,,,mudanzas villa del parque,Exact,Enabled,,,,,,,,,,,,,,,,,,,,,,,,
CMD | CABA,,,,,,,,Villa del Parque,,,mudanzas en villa del parque,Phrase,Enabled,,,,,,,,,,,,,,,,,,,,,,,,
CMD | CABA,,,,,,,,Villa del Parque,,,mudanzas en villa del parque,Exact,Enabled,,,,,,,,,,,,,,,,,,,,,,,,
CMD | CABA,,,,,,,,Villa del Parque,,,empresa de mudanzas villa del parque,Phrase,Enabled,,,,,,,,,,,,,,,,,,,,,,,,
CMD | CABA,,,,,,,,Villa del Parque,,,empresa de mudanzas villa del parque,Exact,Enabled,,,,,,,,,,,,,,,,,,,,,,,,
CMD | CABA,,,,,,,,Villa del Parque,,,presupuesto mudanza villa del parque,Phrase,Enabled,,,,,,,,,,,,,,,,,,,,,,,,
CMD | CABA,,,,,,,,Villa del Parque,,,presupuesto mudanza villa del parque,Exact,Enabled,,,,,,,,,,,,,,,,,,,,,,,,
CMD | CABA,,,,,,,,Villa del Parque,,,fletes villa del parque,Phrase,Enabled,,,,,,,,,,,,,,,,,,,,,,,,
CMD | CABA,,,,,,,,Villa del Parque,,,fletes villa del parque,Exact,Enabled,,,,,,,,,,,,,,,,,,,,,,,,
CMD | CABA,,,,,,,,Villa del Parque,,,,,,Responsive search ad,https://www.cmdmudanzas.com/mudanzas-villa-del-parque,mudanzas,,Mudanzas en Villa del Parque,Mudanzas Villa del Parque,Seguro Incluido Siempre,Camiones de 20 a 50 m³,Plataforma Hasta 1.200 kg,Cotizá Gratis Sin Cargo,Respuesta en 24 Horas,Embalaje y Desembalaje,Personal Capacitado,Consultá por WhatsApp,Presupuesto Sin Cargo,Cuidamos Tus Cosas,Carga y Descarga Incluida,Mudate Sin Estrés,,"Mudanzas en Villa del Parque con camiones propios, plataforma elevadora y seguro.","Camiones propios de 20 a 50 m³, plataforma elevadora y seguro incluido en cada viaje.",Cotizá tu mudanza sin cargo. Te respondemos en menos de 24 horas por WhatsApp.,"Mudanzas de casas, departamentos y oficinas. Embalaje, carga, descarga y ayudantes.",Enabled
CMD | CABA,,,,,,,,Villa Devoto,400,Enabled,,,,,,,,,,,,,,,,,,,,,,,,,,,
CMD | CABA,,,,,,,,Villa Devoto,,,mudanzas villa devoto,Phrase,Enabled,,,,,,,,,,,,,,,,,,,,,,,,
CMD | CABA,,,,,,,,Villa Devoto,,,mudanzas villa devoto,Exact,Enabled,,,,,,,,,,,,,,,,,,,,,,,,
CMD | CABA,,,,,,,,Villa Devoto,,,mudanzas en villa devoto,Phrase,Enabled,,,,,,,,,,,,,,,,,,,,,,,,
CMD | CABA,,,,,,,,Villa Devoto,,,mudanzas en villa devoto,Exact,Enabled,,,,,,,,,,,,,,,,,,,,,,,,
CMD | CABA,,,,,,,,Villa Devoto,,,empresa de mudanzas villa devoto,Phrase,Enabled,,,,,,,,,,,,,,,,,,,,,,,,
CMD | CABA,,,,,,,,Villa Devoto,,,empresa de mudanzas villa devoto,Exact,Enabled,,,,,,,,,,,,,,,,,,,,,,,,
CMD | CABA,,,,,,,,Villa Devoto,,,presupuesto mudanza villa devoto,Phrase,Enabled,,,,,,,,,,,,,,,,,,,,,,,,
CMD | CABA,,,,,,,,Villa Devoto,,,presupuesto mudanza villa devoto,Exact,Enabled,,,,,,,,,,,,,,,,,,,,,,,,
CMD | CABA,,,,,,,,Villa Devoto,,,fletes villa devoto,Phrase,Enabled,,,,,,,,,,,,,,,,,,,,,,,,
CMD | CABA,,,,,,,,Villa Devoto,,,fletes villa devoto,Exact,Enabled,,,,,,,,,,,,,,,,,,,,,,,,
CMD | CABA,,,,,,,,Villa Devoto,,,,,,Responsive search ad,https://www.cmdmudanzas.com/mudanzas-villa-devoto,mudanzas,,Mudanzas en Villa Devoto,Mudanzas Villa Devoto,Seguro Incluido Siempre,Camiones de 20 a 50 m³,Plataforma Hasta 1.200 kg,Cotizá Gratis Sin Cargo,Respuesta en 24 Horas,Embalaje y Desembalaje,Personal Capacitado,Consultá por WhatsApp,Presupuesto Sin Cargo,Cuidamos Tus Cosas,Carga y Descarga Incluida,Mudate Sin Estrés,,"Mudanzas en Villa Devoto con camiones propios, plataforma elevadora y seguro.","Camiones propios de 20 a 50 m³, plataforma elevadora y seguro incluido en cada viaje.",Cotizá tu mudanza sin cargo. Te respondemos en menos de 24 horas por WhatsApp.,"Mudanzas de casas, departamentos y oficinas. Embalaje, carga, descarga y ayudantes.",Enabled
CMD | CABA,,,,,,,,Villa General Mitre,400,Enabled,,,,,,,,,,,,,,,,,,,,,,,,,,,
CMD | CABA,,,,,,,,Villa General Mitre,,,mudanzas villa general mitre,Phrase,Enabled,,,,,,,,,,,,,,,,,,,,,,,,
CMD | CABA,,,,,,,,Villa General Mitre,,,mudanzas villa general mitre,Exact,Enabled,,,,,,,,,,,,,,,,,,,,,,,,
CMD | CABA,,,,,,,,Villa General Mitre,,,mudanzas en villa general mitre,Phrase,Enabled,,,,,,,,,,,,,,,,,,,,,,,,
CMD | CABA,,,,,,,,Villa General Mitre,,,mudanzas en villa general mitre,Exact,Enabled,,,,,,,,,,,,,,,,,,,,,,,,
CMD | CABA,,,,,,,,Villa General Mitre,,,empresa de mudanzas villa general mitre,Phrase,Enabled,,,,,,,,,,,,,,,,,,,,,,,,
CMD | CABA,,,,,,,,Villa General Mitre,,,empresa de mudanzas villa general mitre,Exact,Enabled,,,,,,,,,,,,,,,,,,,,,,,,
CMD | CABA,,,,,,,,Villa General Mitre,,,presupuesto mudanza villa general mitre,Phrase,Enabled,,,,,,,,,,,,,,,,,,,,,,,,
CMD | CABA,,,,,,,,Villa General Mitre,,,presupuesto mudanza villa general mitre,Exact,Enabled,,,,,,,,,,,,,,,,,,,,,,,,
CMD | CABA,,,,,,,,Villa General Mitre,,,fletes villa general mitre,Phrase,Enabled,,,,,,,,,,,,,,,,,,,,,,,,
CMD | CABA,,,,,,,,Villa General Mitre,,,fletes villa general mitre,Exact,Enabled,,,,,,,,,,,,,,,,,,,,,,,,
CMD | CABA,,,,,,,,Villa General Mitre,,,,,,Responsive search ad,https://www.cmdmudanzas.com/mudanzas-villa-general-mitre,mudanzas,,Mudanzas Villa General Mitre,Seguro Incluido Siempre,Camiones de 20 a 50 m³,Plataforma Hasta 1.200 kg,Cotizá Gratis Sin Cargo,Respuesta en 24 Horas,Embalaje y Desembalaje,Personal Capacitado,Consultá por WhatsApp,Presupuesto Sin Cargo,Cuidamos Tus Cosas,Carga y Descarga Incluida,Mudate Sin Estrés,,,"Mudanzas en Villa General Mitre con camiones propios, plataforma elevadora y seguro.","Camiones propios de 20 a 50 m³, plataforma elevadora y seguro incluido en cada viaje.",Cotizá tu mudanza sin cargo. Te respondemos en menos de 24 horas por WhatsApp.,"Mudanzas de casas, departamentos y oficinas. Embalaje, carga, descarga y ayudantes.",Enabled
CMD | CABA,,,,,,,,Villa Lugano,400,Enabled,,,,,,,,,,,,,,,,,,,,,,,,,,,
CMD | CABA,,,,,,,,Villa Lugano,,,mudanzas villa lugano,Phrase,Enabled,,,,,,,,,,,,,,,,,,,,,,,,
CMD | CABA,,,,,,,,Villa Lugano,,,mudanzas villa lugano,Exact,Enabled,,,,,,,,,,,,,,,,,,,,,,,,
CMD | CABA,,,,,,,,Villa Lugano,,,mudanzas en villa lugano,Phrase,Enabled,,,,,,,,,,,,,,,,,,,,,,,,
CMD | CABA,,,,,,,,Villa Lugano,,,mudanzas en villa lugano,Exact,Enabled,,,,,,,,,,,,,,,,,,,,,,,,
CMD | CABA,,,,,,,,Villa Lugano,,,empresa de mudanzas villa lugano,Phrase,Enabled,,,,,,,,,,,,,,,,,,,,,,,,
CMD | CABA,,,,,,,,Villa Lugano,,,empresa de mudanzas villa lugano,Exact,Enabled,,,,,,,,,,,,,,,,,,,,,,,,
CMD | CABA,,,,,,,,Villa Lugano,,,presupuesto mudanza villa lugano,Phrase,Enabled,,,,,,,,,,,,,,,,,,,,,,,,
CMD | CABA,,,,,,,,Villa Lugano,,,presupuesto mudanza villa lugano,Exact,Enabled,,,,,,,,,,,,,,,,,,,,,,,,
CMD | CABA,,,,,,,,Villa Lugano,,,fletes villa lugano,Phrase,Enabled,,,,,,,,,,,,,,,,,,,,,,,,
CMD | CABA,,,,,,,,Villa Lugano,,,fletes villa lugano,Exact,Enabled,,,,,,,,,,,,,,,,,,,,,,,,
CMD | CABA,,,,,,,,Villa Lugano,,,,,,Responsive search ad,https://www.cmdmudanzas.com/mudanzas-villa-lugano,mudanzas,,Mudanzas en Villa Lugano,Mudanzas Villa Lugano,Seguro Incluido Siempre,Camiones de 20 a 50 m³,Plataforma Hasta 1.200 kg,Cotizá Gratis Sin Cargo,Respuesta en 24 Horas,Embalaje y Desembalaje,Personal Capacitado,Consultá por WhatsApp,Presupuesto Sin Cargo,Cuidamos Tus Cosas,Carga y Descarga Incluida,Mudate Sin Estrés,,"Mudanzas en Villa Lugano con camiones propios, plataforma elevadora y seguro.","Camiones propios de 20 a 50 m³, plataforma elevadora y seguro incluido en cada viaje.",Cotizá tu mudanza sin cargo. Te respondemos en menos de 24 horas por WhatsApp.,"Mudanzas de casas, departamentos y oficinas. Embalaje, carga, descarga y ayudantes.",Enabled
CMD | CABA,,,,,,,,Villa Luro,400,Enabled,,,,,,,,,,,,,,,,,,,,,,,,,,,
CMD | CABA,,,,,,,,Villa Luro,,,mudanzas villa luro,Phrase,Enabled,,,,,,,,,,,,,,,,,,,,,,,,
CMD | CABA,,,,,,,,Villa Luro,,,mudanzas villa luro,Exact,Enabled,,,,,,,,,,,,,,,,,,,,,,,,
CMD | CABA,,,,,,,,Villa Luro,,,mudanzas en villa luro,Phrase,Enabled,,,,,,,,,,,,,,,,,,,,,,,,
CMD | CABA,,,,,,,,Villa Luro,,,mudanzas en villa luro,Exact,Enabled,,,,,,,,,,,,,,,,,,,,,,,,
CMD | CABA,,,,,,,,Villa Luro,,,empresa de mudanzas villa luro,Phrase,Enabled,,,,,,,,,,,,,,,,,,,,,,,,
CMD | CABA,,,,,,,,Villa Luro,,,empresa de mudanzas villa luro,Exact,Enabled,,,,,,,,,,,,,,,,,,,,,,,,
CMD | CABA,,,,,,,,Villa Luro,,,presupuesto mudanza villa luro,Phrase,Enabled,,,,,,,,,,,,,,,,,,,,,,,,
CMD | CABA,,,,,,,,Villa Luro,,,presupuesto mudanza villa luro,Exact,Enabled,,,,,,,,,,,,,,,,,,,,,,,,
CMD | CABA,,,,,,,,Villa Luro,,,fletes villa luro,Phrase,Enabled,,,,,,,,,,,,,,,,,,,,,,,,
CMD | CABA,,,,,,,,Villa Luro,,,fletes villa luro,Exact,Enabled,,,,,,,,,,,,,,,,,,,,,,,,
CMD | CABA,,,,,,,,Villa Luro,,,,,,Responsive search ad,https://www.cmdmudanzas.com/mudanzas-villa-luro,mudanzas,,Mudanzas en Villa Luro,Mudanzas Villa Luro,Empresa de Mudanzas Villa Luro,Seguro Incluido Siempre,Camiones de 20 a 50 m³,Plataforma Hasta 1.200 kg,Cotizá Gratis Sin Cargo,Respuesta en 24 Horas,Embalaje y Desembalaje,Personal Capacitado,Consultá por WhatsApp,Presupuesto Sin Cargo,Cuidamos Tus Cosas,Carga y Descarga Incluida,Mudate Sin Estrés,"Mudanzas en Villa Luro con camiones propios, plataforma elevadora y seguro.","Camiones propios de 20 a 50 m³, plataforma elevadora y seguro incluido en cada viaje.",Cotizá tu mudanza sin cargo. Te respondemos en menos de 24 horas por WhatsApp.,"Mudanzas de casas, departamentos y oficinas. Embalaje, carga, descarga y ayudantes.",Enabled
CMD | CABA,,,,,,,,Villa Ortúzar,400,Enabled,,,,,,,,,,,,,,,,,,,,,,,,,,,
CMD | CABA,,,,,,,,Villa Ortúzar,,,mudanzas villa ortuzar,Phrase,Enabled,,,,,,,,,,,,,,,,,,,,,,,,
CMD | CABA,,,,,,,,Villa Ortúzar,,,mudanzas villa ortuzar,Exact,Enabled,,,,,,,,,,,,,,,,,,,,,,,,
CMD | CABA,,,,,,,,Villa Ortúzar,,,mudanzas en villa ortuzar,Phrase,Enabled,,,,,,,,,,,,,,,,,,,,,,,,
CMD | CABA,,,,,,,,Villa Ortúzar,,,mudanzas en villa ortuzar,Exact,Enabled,,,,,,,,,,,,,,,,,,,,,,,,
CMD | CABA,,,,,,,,Villa Ortúzar,,,empresa de mudanzas villa ortuzar,Phrase,Enabled,,,,,,,,,,,,,,,,,,,,,,,,
CMD | CABA,,,,,,,,Villa Ortúzar,,,empresa de mudanzas villa ortuzar,Exact,Enabled,,,,,,,,,,,,,,,,,,,,,,,,
CMD | CABA,,,,,,,,Villa Ortúzar,,,presupuesto mudanza villa ortuzar,Phrase,Enabled,,,,,,,,,,,,,,,,,,,,,,,,
CMD | CABA,,,,,,,,Villa Ortúzar,,,presupuesto mudanza villa ortuzar,Exact,Enabled,,,,,,,,,,,,,,,,,,,,,,,,
CMD | CABA,,,,,,,,Villa Ortúzar,,,fletes villa ortuzar,Phrase,Enabled,,,,,,,,,,,,,,,,,,,,,,,,
CMD | CABA,,,,,,,,Villa Ortúzar,,,fletes villa ortuzar,Exact,Enabled,,,,,,,,,,,,,,,,,,,,,,,,
CMD | CABA,,,,,,,,Villa Ortúzar,,,,,,Responsive search ad,https://www.cmdmudanzas.com/mudanzas-villa-ortuzar,mudanzas,,Mudanzas en Villa Ortúzar,Mudanzas Villa Ortúzar,Seguro Incluido Siempre,Camiones de 20 a 50 m³,Plataforma Hasta 1.200 kg,Cotizá Gratis Sin Cargo,Respuesta en 24 Horas,Embalaje y Desembalaje,Personal Capacitado,Consultá por WhatsApp,Presupuesto Sin Cargo,Cuidamos Tus Cosas,Carga y Descarga Incluida,Mudate Sin Estrés,,"Mudanzas en Villa Ortúzar con camiones propios, plataforma elevadora y seguro.","Camiones propios de 20 a 50 m³, plataforma elevadora y seguro incluido en cada viaje.",Cotizá tu mudanza sin cargo. Te respondemos en menos de 24 horas por WhatsApp.,"Mudanzas de casas, departamentos y oficinas. Embalaje, carga, descarga y ayudantes.",Enabled
CMD | CABA,,,,,,,,Villa Pueyrredón,400,Enabled,,,,,,,,,,,,,,,,,,,,,,,,,,,
CMD | CABA,,,,,,,,Villa Pueyrredón,,,mudanzas villa pueyrredon,Phrase,Enabled,,,,,,,,,,,,,,,,,,,,,,,,
CMD | CABA,,,,,,,,Villa Pueyrredón,,,mudanzas villa pueyrredon,Exact,Enabled,,,,,,,,,,,,,,,,,,,,,,,,
CMD | CABA,,,,,,,,Villa Pueyrredón,,,mudanzas en villa pueyrredon,Phrase,Enabled,,,,,,,,,,,,,,,,,,,,,,,,
CMD | CABA,,,,,,,,Villa Pueyrredón,,,mudanzas en villa pueyrredon,Exact,Enabled,,,,,,,,,,,,,,,,,,,,,,,,
CMD | CABA,,,,,,,,Villa Pueyrredón,,,empresa de mudanzas villa pueyrredon,Phrase,Enabled,,,,,,,,,,,,,,,,,,,,,,,,
CMD | CABA,,,,,,,,Villa Pueyrredón,,,empresa de mudanzas villa pueyrredon,Exact,Enabled,,,,,,,,,,,,,,,,,,,,,,,,
CMD | CABA,,,,,,,,Villa Pueyrredón,,,presupuesto mudanza villa pueyrredon,Phrase,Enabled,,,,,,,,,,,,,,,,,,,,,,,,
CMD | CABA,,,,,,,,Villa Pueyrredón,,,presupuesto mudanza villa pueyrredon,Exact,Enabled,,,,,,,,,,,,,,,,,,,,,,,,
CMD | CABA,,,,,,,,Villa Pueyrredón,,,fletes villa pueyrredon,Phrase,Enabled,,,,,,,,,,,,,,,,,,,,,,,,
CMD | CABA,,,,,,,,Villa Pueyrredón,,,fletes villa pueyrredon,Exact,Enabled,,,,,,,,,,,,,,,,,,,,,,,,
CMD | CABA,,,,,,,,Villa Pueyrredón,,,,,,Responsive search ad,https://www.cmdmudanzas.com/mudanzas-villa-pueyrredon,mudanzas,,Mudanzas en Villa Pueyrredón,Mudanzas Villa Pueyrredón,Seguro Incluido Siempre,Camiones de 20 a 50 m³,Plataforma Hasta 1.200 kg,Cotizá Gratis Sin Cargo,Respuesta en 24 Horas,Embalaje y Desembalaje,Personal Capacitado,Consultá por WhatsApp,Presupuesto Sin Cargo,Cuidamos Tus Cosas,Carga y Descarga Incluida,Mudate Sin Estrés,,"Mudanzas en Villa Pueyrredón con camiones propios, plataforma elevadora y seguro.","Camiones propios de 20 a 50 m³, plataforma elevadora y seguro incluido en cada viaje.",Cotizá tu mudanza sin cargo. Te respondemos en menos de 24 horas por WhatsApp.,"Mudanzas de casas, departamentos y oficinas. Embalaje, carga, descarga y ayudantes.",Enabled
CMD | CABA,,,,,,,,Villa Real,400,Enabled,,,,,,,,,,,,,,,,,,,,,,,,,,,
CMD | CABA,,,,,,,,Villa Real,,,mudanzas villa real,Phrase,Enabled,,,,,,,,,,,,,,,,,,,,,,,,
CMD | CABA,,,,,,,,Villa Real,,,mudanzas villa real,Exact,Enabled,,,,,,,,,,,,,,,,,,,,,,,,
CMD | CABA,,,,,,,,Villa Real,,,mudanzas en villa real,Phrase,Enabled,,,,,,,,,,,,,,,,,,,,,,,,
CMD | CABA,,,,,,,,Villa Real,,,mudanzas en villa real,Exact,Enabled,,,,,,,,,,,,,,,,,,,,,,,,
CMD | CABA,,,,,,,,Villa Real,,,empresa de mudanzas villa real,Phrase,Enabled,,,,,,,,,,,,,,,,,,,,,,,,
CMD | CABA,,,,,,,,Villa Real,,,empresa de mudanzas villa real,Exact,Enabled,,,,,,,,,,,,,,,,,,,,,,,,
CMD | CABA,,,,,,,,Villa Real,,,presupuesto mudanza villa real,Phrase,Enabled,,,,,,,,,,,,,,,,,,,,,,,,
CMD | CABA,,,,,,,,Villa Real,,,presupuesto mudanza villa real,Exact,Enabled,,,,,,,,,,,,,,,,,,,,,,,,
CMD | CABA,,,,,,,,Villa Real,,,fletes villa real,Phrase,Enabled,,,,,,,,,,,,,,,,,,,,,,,,
CMD | CABA,,,,,,,,Villa Real,,,fletes villa real,Exact,Enabled,,,,,,,,,,,,,,,,,,,,,,,,
CMD | CABA,,,,,,,,Villa Real,,,,,,Responsive search ad,https://www.cmdmudanzas.com/mudanzas-villa-real,mudanzas,,Mudanzas en Villa Real,Mudanzas Villa Real,Empresa de Mudanzas Villa Real,Seguro Incluido Siempre,Camiones de 20 a 50 m³,Plataforma Hasta 1.200 kg,Cotizá Gratis Sin Cargo,Respuesta en 24 Horas,Embalaje y Desembalaje,Personal Capacitado,Consultá por WhatsApp,Presupuesto Sin Cargo,Cuidamos Tus Cosas,Carga y Descarga Incluida,Mudate Sin Estrés,"Mudanzas en Villa Real con camiones propios, plataforma elevadora y seguro.","Camiones propios de 20 a 50 m³, plataforma elevadora y seguro incluido en cada viaje.",Cotizá tu mudanza sin cargo. Te respondemos en menos de 24 horas por WhatsApp.,"Mudanzas de casas, departamentos y oficinas. Embalaje, carga, descarga y ayudantes.",Enabled
CMD | CABA,,,,,,,,Villa Riachuelo,400,Enabled,,,,,,,,,,,,,,,,,,,,,,,,,,,
CMD | CABA,,,,,,,,Villa Riachuelo,,,mudanzas villa riachuelo,Phrase,Enabled,,,,,,,,,,,,,,,,,,,,,,,,
CMD | CABA,,,,,,,,Villa Riachuelo,,,mudanzas villa riachuelo,Exact,Enabled,,,,,,,,,,,,,,,,,,,,,,,,
CMD | CABA,,,,,,,,Villa Riachuelo,,,mudanzas en villa riachuelo,Phrase,Enabled,,,,,,,,,,,,,,,,,,,,,,,,
CMD | CABA,,,,,,,,Villa Riachuelo,,,mudanzas en villa riachuelo,Exact,Enabled,,,,,,,,,,,,,,,,,,,,,,,,
CMD | CABA,,,,,,,,Villa Riachuelo,,,empresa de mudanzas villa riachuelo,Phrase,Enabled,,,,,,,,,,,,,,,,,,,,,,,,
CMD | CABA,,,,,,,,Villa Riachuelo,,,empresa de mudanzas villa riachuelo,Exact,Enabled,,,,,,,,,,,,,,,,,,,,,,,,
CMD | CABA,,,,,,,,Villa Riachuelo,,,presupuesto mudanza villa riachuelo,Phrase,Enabled,,,,,,,,,,,,,,,,,,,,,,,,
CMD | CABA,,,,,,,,Villa Riachuelo,,,presupuesto mudanza villa riachuelo,Exact,Enabled,,,,,,,,,,,,,,,,,,,,,,,,
CMD | CABA,,,,,,,,Villa Riachuelo,,,fletes villa riachuelo,Phrase,Enabled,,,,,,,,,,,,,,,,,,,,,,,,
CMD | CABA,,,,,,,,Villa Riachuelo,,,fletes villa riachuelo,Exact,Enabled,,,,,,,,,,,,,,,,,,,,,,,,
CMD | CABA,,,,,,,,Villa Riachuelo,,,,,,Responsive search ad,https://www.cmdmudanzas.com/mudanzas-villa-riachuelo,mudanzas,,Mudanzas en Villa Riachuelo,Mudanzas Villa Riachuelo,Seguro Incluido Siempre,Camiones de 20 a 50 m³,Plataforma Hasta 1.200 kg,Cotizá Gratis Sin Cargo,Respuesta en 24 Horas,Embalaje y Desembalaje,Personal Capacitado,Consultá por WhatsApp,Presupuesto Sin Cargo,Cuidamos Tus Cosas,Carga y Descarga Incluida,Mudate Sin Estrés,,"Mudanzas en Villa Riachuelo con camiones propios, plataforma elevadora y seguro.","Camiones propios de 20 a 50 m³, plataforma elevadora y seguro incluido en cada viaje.",Cotizá tu mudanza sin cargo. Te respondemos en menos de 24 horas por WhatsApp.,"Mudanzas de casas, departamentos y oficinas. Embalaje, carga, descarga y ayudantes.",Enabled
CMD | CABA,,,,,,,,Villa Santa Rita,400,Enabled,,,,,,,,,,,,,,,,,,,,,,,,,,,
CMD | CABA,,,,,,,,Villa Santa Rita,,,mudanzas villa santa rita,Phrase,Enabled,,,,,,,,,,,,,,,,,,,,,,,,
CMD | CABA,,,,,,,,Villa Santa Rita,,,mudanzas villa santa rita,Exact,Enabled,,,,,,,,,,,,,,,,,,,,,,,,
CMD | CABA,,,,,,,,Villa Santa Rita,,,mudanzas en villa santa rita,Phrase,Enabled,,,,,,,,,,,,,,,,,,,,,,,,
CMD | CABA,,,,,,,,Villa Santa Rita,,,mudanzas en villa santa rita,Exact,Enabled,,,,,,,,,,,,,,,,,,,,,,,,
CMD | CABA,,,,,,,,Villa Santa Rita,,,empresa de mudanzas villa santa rita,Phrase,Enabled,,,,,,,,,,,,,,,,,,,,,,,,
CMD | CABA,,,,,,,,Villa Santa Rita,,,empresa de mudanzas villa santa rita,Exact,Enabled,,,,,,,,,,,,,,,,,,,,,,,,
CMD | CABA,,,,,,,,Villa Santa Rita,,,presupuesto mudanza villa santa rita,Phrase,Enabled,,,,,,,,,,,,,,,,,,,,,,,,
CMD | CABA,,,,,,,,Villa Santa Rita,,,presupuesto mudanza villa santa rita,Exact,Enabled,,,,,,,,,,,,,,,,,,,,,,,,
CMD | CABA,,,,,,,,Villa Santa Rita,,,fletes villa santa rita,Phrase,Enabled,,,,,,,,,,,,,,,,,,,,,,,,
CMD | CABA,,,,,,,,Villa Santa Rita,,,fletes villa santa rita,Exact,Enabled,,,,,,,,,,,,,,,,,,,,,,,,
CMD | CABA,,,,,,,,Villa Santa Rita,,,,,,Responsive search ad,https://www.cmdmudanzas.com/mudanzas-villa-santa-rita,mudanzas,,Mudanzas en Villa Santa Rita,Mudanzas Villa Santa Rita,Seguro Incluido Siempre,Camiones de 20 a 50 m³,Plataforma Hasta 1.200 kg,Cotizá Gratis Sin Cargo,Respuesta en 24 Horas,Embalaje y Desembalaje,Personal Capacitado,Consultá por WhatsApp,Presupuesto Sin Cargo,Cuidamos Tus Cosas,Carga y Descarga Incluida,Mudate Sin Estrés,,"Mudanzas en Villa Santa Rita con camiones propios, plataforma elevadora y seguro.","Camiones propios de 20 a 50 m³, plataforma elevadora y seguro incluido en cada viaje.",Cotizá tu mudanza sin cargo. Te respondemos en menos de 24 horas por WhatsApp.,"Mudanzas de casas, departamentos y oficinas. Embalaje, carga, descarga y ayudantes.",Enabled
CMD | CABA,,,,,,,,Villa Soldati,400,Enabled,,,,,,,,,,,,,,,,,,,,,,,,,,,
CMD | CABA,,,,,,,,Villa Soldati,,,mudanzas villa soldati,Phrase,Enabled,,,,,,,,,,,,,,,,,,,,,,,,
CMD | CABA,,,,,,,,Villa Soldati,,,mudanzas villa soldati,Exact,Enabled,,,,,,,,,,,,,,,,,,,,,,,,
CMD | CABA,,,,,,,,Villa Soldati,,,mudanzas en villa soldati,Phrase,Enabled,,,,,,,,,,,,,,,,,,,,,,,,
CMD | CABA,,,,,,,,Villa Soldati,,,mudanzas en villa soldati,Exact,Enabled,,,,,,,,,,,,,,,,,,,,,,,,
CMD | CABA,,,,,,,,Villa Soldati,,,empresa de mudanzas villa soldati,Phrase,Enabled,,,,,,,,,,,,,,,,,,,,,,,,
CMD | CABA,,,,,,,,Villa Soldati,,,empresa de mudanzas villa soldati,Exact,Enabled,,,,,,,,,,,,,,,,,,,,,,,,
CMD | CABA,,,,,,,,Villa Soldati,,,presupuesto mudanza villa soldati,Phrase,Enabled,,,,,,,,,,,,,,,,,,,,,,,,
CMD | CABA,,,,,,,,Villa Soldati,,,presupuesto mudanza villa soldati,Exact,Enabled,,,,,,,,,,,,,,,,,,,,,,,,
CMD | CABA,,,,,,,,Villa Soldati,,,fletes villa soldati,Phrase,Enabled,,,,,,,,,,,,,,,,,,,,,,,,
CMD | CABA,,,,,,,,Villa Soldati,,,fletes villa soldati,Exact,Enabled,,,,,,,,,,,,,,,,,,,,,,,,
CMD | CABA,,,,,,,,Villa Soldati,,,,,,Responsive search ad,https://www.cmdmudanzas.com/mudanzas-villa-soldati,mudanzas,,Mudanzas en Villa Soldati,Mudanzas Villa Soldati,Seguro Incluido Siempre,Camiones de 20 a 50 m³,Plataforma Hasta 1.200 kg,Cotizá Gratis Sin Cargo,Respuesta en 24 Horas,Embalaje y Desembalaje,Personal Capacitado,Consultá por WhatsApp,Presupuesto Sin Cargo,Cuidamos Tus Cosas,Carga y Descarga Incluida,Mudate Sin Estrés,,"Mudanzas en Villa Soldati con camiones propios, plataforma elevadora y seguro.","Camiones propios de 20 a 50 m³, plataforma elevadora y seguro incluido en cada viaje.",Cotizá tu mudanza sin cargo. Te respondemos en menos de 24 horas por WhatsApp.,"Mudanzas de casas, departamentos y oficinas. Embalaje, carga, descarga y ayudantes.",Enabled
CMD | CABA,,,,,,,,Villa Urquiza,400,Enabled,,,,,,,,,,,,,,,,,,,,,,,,,,,
CMD | CABA,,,,,,,,Villa Urquiza,,,mudanzas villa urquiza,Phrase,Enabled,,,,,,,,,,,,,,,,,,,,,,,,
CMD | CABA,,,,,,,,Villa Urquiza,,,mudanzas villa urquiza,Exact,Enabled,,,,,,,,,,,,,,,,,,,,,,,,
CMD | CABA,,,,,,,,Villa Urquiza,,,mudanzas en villa urquiza,Phrase,Enabled,,,,,,,,,,,,,,,,,,,,,,,,
CMD | CABA,,,,,,,,Villa Urquiza,,,mudanzas en villa urquiza,Exact,Enabled,,,,,,,,,,,,,,,,,,,,,,,,
CMD | CABA,,,,,,,,Villa Urquiza,,,empresa de mudanzas villa urquiza,Phrase,Enabled,,,,,,,,,,,,,,,,,,,,,,,,
CMD | CABA,,,,,,,,Villa Urquiza,,,empresa de mudanzas villa urquiza,Exact,Enabled,,,,,,,,,,,,,,,,,,,,,,,,
CMD | CABA,,,,,,,,Villa Urquiza,,,presupuesto mudanza villa urquiza,Phrase,Enabled,,,,,,,,,,,,,,,,,,,,,,,,
CMD | CABA,,,,,,,,Villa Urquiza,,,presupuesto mudanza villa urquiza,Exact,Enabled,,,,,,,,,,,,,,,,,,,,,,,,
CMD | CABA,,,,,,,,Villa Urquiza,,,fletes villa urquiza,Phrase,Enabled,,,,,,,,,,,,,,,,,,,,,,,,
CMD | CABA,,,,,,,,Villa Urquiza,,,fletes villa urquiza,Exact,Enabled,,,,,,,,,,,,,,,,,,,,,,,,
CMD | CABA,,,,,,,,Villa Urquiza,,,,,,Responsive search ad,https://www.cmdmudanzas.com/mudanzas-villa-urquiza,mudanzas,,Mudanzas en Villa Urquiza,Mudanzas Villa Urquiza,Seguro Incluido Siempre,Camiones de 20 a 50 m³,Plataforma Hasta 1.200 kg,Cotizá Gratis Sin Cargo,Respuesta en 24 Horas,Embalaje y Desembalaje,Personal Capacitado,Consultá por WhatsApp,Presupuesto Sin Cargo,Cuidamos Tus Cosas,Carga y Descarga Incluida,Mudate Sin Estrés,,"Mudanzas en Villa Urquiza con camiones propios, plataforma elevadora y seguro.","Camiones propios de 20 a 50 m³, plataforma elevadora y seguro incluido en cada viaje.",Cotizá tu mudanza sin cargo. Te respondemos en menos de 24 horas por WhatsApp.,"Mudanzas de casas, departamentos y oficinas. Embalaje, carga, descarga y ayudantes.",Enabled
CMD | CABA,,,,,,,,Servicios | Plataforma elevadora,400,Enabled,,,,,,,,,,,,,,,,,,,,,,,,,,,
CMD | CABA,,,,,,,,Servicios | Plataforma elevadora,,,camion con plataforma elevadora,Phrase,Enabled,,,,,,,,,,,,,,,,,,,,,,,,
CMD | CABA,,,,,,,,Servicios | Plataforma elevadora,,,camion con plataforma elevadora,Exact,Enabled,,,,,,,,,,,,,,,,,,,,,,,,
CMD | CABA,,,,,,,,Servicios | Plataforma elevadora,,,mudanza con plataforma elevadora,Phrase,Enabled,,,,,,,,,,,,,,,,,,,,,,,,
CMD | CABA,,,,,,,,Servicios | Plataforma elevadora,,,mudanza con plataforma elevadora,Exact,Enabled,,,,,,,,,,,,,,,,,,,,,,,,
CMD | CABA,,,,,,,,Servicios | Plataforma elevadora,,,traslado de piano,Phrase,Enabled,,,,,,,,,,,,,,,,,,,,,,,,
CMD | CABA,,,,,,,,Servicios | Plataforma elevadora,,,traslado de piano,Exact,Enabled,,,,,,,,,,,,,,,,,,,,,,,,
CMD | CABA,,,,,,,,Servicios | Plataforma elevadora,,,mudanza de piano,Phrase,Enabled,,,,,,,,,,,,,,,,,,,,,,,,
CMD | CABA,,,,,,,,Servicios | Plataforma elevadora,,,mudanza de piano,Exact,Enabled,,,,,,,,,,,,,,,,,,,,,,,,
CMD | CABA,,,,,,,,Servicios | Plataforma elevadora,,,traslado de caja fuerte,Phrase,Enabled,,,,,,,,,,,,,,,,,,,,,,,,
CMD | CABA,,,,,,,,Servicios | Plataforma elevadora,,,traslado de caja fuerte,Exact,Enabled,,,,,,,,,,,,,,,,,,,,,,,,
CMD | CABA,,,,,,,,Servicios | Plataforma elevadora,,,mudanza de maquinaria pesada,Phrase,Enabled,,,,,,,,,,,,,,,,,,,,,,,,
CMD | CABA,,,,,,,,Servicios | Plataforma elevadora,,,mudanza de maquinaria pesada,Exact,Enabled,,,,,,,,,,,,,,,,,,,,,,,,
CMD | CABA,,,,,,,,Servicios | Plataforma elevadora,,,elevacion de muebles,Phrase,Enabled,,,,,,,,,,,,,,,,,,,,,,,,
CMD | CABA,,,,,,,,Servicios | Plataforma elevadora,,,elevacion de muebles,Exact,Enabled,,,,,,,,,,,,,,,,,,,,,,,,
CMD | CABA,,,,,,,,Servicios | Plataforma elevadora,,,subir muebles por balcon,Phrase,Enabled,,,,,,,,,,,,,,,,,,,,,,,,
CMD | CABA,,,,,,,,Servicios | Plataforma elevadora,,,subir muebles por balcon,Exact,Enabled,,,,,,,,,,,,,,,,,,,,,,,,
CMD | CABA,,,,,,,,Servicios | Plataforma elevadora,,,mudanza de objetos pesados,Phrase,Enabled,,,,,,,,,,,,,,,,,,,,,,,,
CMD | CABA,,,,,,,,Servicios | Plataforma elevadora,,,mudanza de objetos pesados,Exact,Enabled,,,,,,,,,,,,,,,,,,,,,,,,
CMD | CABA,,,,,,,,Servicios | Plataforma elevadora,,,,,,Responsive search ad,https://www.cmdmudanzas.com/#plataforma,mudanzas,,Plataforma Hasta 1.200 kg,Pianos y Cajas Fuertes,Lo Que Otros No Toman,Seguro Incluido Siempre,Camiones de 20 a 50 m³,Cotizá Gratis Sin Cargo,Respuesta en 24 Horas,Embalaje y Desembalaje,Personal Capacitado,Consultá por WhatsApp,Presupuesto Sin Cargo,Cuidamos Tus Cosas,Carga y Descarga Incluida,Mudate Sin Estrés,,"Plataforma elevadora de 1.200 kg para pianos, cajas fuertes y maquinaria pesada.","Camiones propios de 20 a 50 m³, plataforma elevadora y seguro incluido en cada viaje.",Cotizá tu mudanza sin cargo. Te respondemos en menos de 24 horas por WhatsApp.,"Mudanzas de casas, departamentos y oficinas. Embalaje, carga, descarga y ayudantes.",Enabled
CMD | CABA,,,,,,,,Servicios | Empresas y oficinas,400,Enabled,,,,,,,,,,,,,,,,,,,,,,,,,,,
CMD | CABA,,,,,,,,Servicios | Empresas y oficinas,,,mudanza de oficinas,Phrase,Enabled,,,,,,,,,,,,,,,,,,,,,,,,
CMD | CABA,,,,,,,,Servicios | Empresas y oficinas,,,mudanza de oficinas,Exact,Enabled,,,,,,,,,,,,,,,,,,,,,,,,
CMD | CABA,,,,,,,,Servicios | Empresas y oficinas,,,mudanzas empresariales,Phrase,Enabled,,,,,,,,,,,,,,,,,,,,,,,,
CMD | CABA,,,,,,,,Servicios | Empresas y oficinas,,,mudanzas empresariales,Exact,Enabled,,,,,,,,,,,,,,,,,,,,,,,,
CMD | CABA,,,,,,,,Servicios | Empresas y oficinas,,,mudanza de empresas,Phrase,Enabled,,,,,,,,,,,,,,,,,,,,,,,,
CMD | CABA,,,,,,,,Servicios | Empresas y oficinas,,,mudanza de empresas,Exact,Enabled,,,,,,,,,,,,,,,,,,,,,,,,
CMD | CABA,,,,,,,,Servicios | Empresas y oficinas,,,traslado de oficinas,Phrase,Enabled,,,,,,,,,,,,,,,,,,,,,,,,
CMD | CABA,,,,,,,,Servicios | Empresas y oficinas,,,traslado de oficinas,Exact,Enabled,,,,,,,,,,,,,,,,,,,,,,,,
CMD | CABA,,,,,,,,Servicios | Empresas y oficinas,,,mudanza corporativa,Phrase,Enabled,,,,,,,,,,,,,,,,,,,,,,,,
CMD | CABA,,,,,,,,Servicios | Empresas y oficinas,,,mudanza corporativa,Exact,Enabled,,,,,,,,,,,,,,,,,,,,,,,,
CMD | CABA,,,,,,,,Servicios | Empresas y oficinas,,,mudanza de local comercial,Phrase,Enabled,,,,,,,,,,,,,,,,,,,,,,,,
CMD | CABA,,,,,,,,Servicios | Empresas y oficinas,,,mudanza de local comercial,Exact,Enabled,,,,,,,,,,,,,,,,,,,,,,,,
CMD | CABA,,,,,,,,Servicios | Empresas y oficinas,,,mudanza de deposito industrial,Phrase,Enabled,,,,,,,,,,,,,,,,,,,,,,,,
CMD | CABA,,,,,,,,Servicios | Empresas y oficinas,,,mudanza de deposito industrial,Exact,Enabled,,,,,,,,,,,,,,,,,,,,,,,,
CMD | CABA,,,,,,,,Servicios | Empresas y oficinas,,,,,,Responsive search ad,https://www.cmdmudanzas.com/#tipos,mudanzas,,Mudanzas Empresariales,Mudanza de Oficinas,Servicio Corporativo,Seguro Incluido Siempre,Camiones de 20 a 50 m³,Plataforma Hasta 1.200 kg,Cotizá Gratis Sin Cargo,Respuesta en 24 Horas,Embalaje y Desembalaje,Personal Capacitado,Consultá por WhatsApp,Presupuesto Sin Cargo,Cuidamos Tus Cosas,Carga y Descarga Incluida,Mudate Sin Estrés,"Mudanzas de oficinas y empresas con seguros, ayudantes y coordinación a medida.","Camiones propios de 20 a 50 m³, plataforma elevadora y seguro incluido en cada viaje.",Cotizá tu mudanza sin cargo. Te respondemos en menos de 24 horas por WhatsApp.,"Mudanzas de casas, departamentos y oficinas. Embalaje, carga, descarga y ayudantes.",Enabled
CMD | Provincia de Buenos Aires,Search,35000,Maximize clicks,Google Search,es,"Provincia de Buenos Aires, Argentina",Paused,,,,,,,,,,,,,,,,,,,,,,,,,,,,,,
CMD | Provincia de Buenos Aires,,,,,,,,,,,gratis,Campaign Negative Phrase,Enabled,,,,,,,,,,,,,,,,,,,,,,,,
CMD | Provincia de Buenos Aires,,,,,,,,,,,gratuito,Campaign Negative Phrase,Enabled,,,,,,,,,,,,,,,,,,,,,,,,
CMD | Provincia de Buenos Aires,,,,,,,,,,,gratuita,Campaign Negative Phrase,Enabled,,,,,,,,,,,,,,,,,,,,,,,,
CMD | Provincia de Buenos Aires,,,,,,,,,,,sin costo,Campaign Negative Phrase,Enabled,,,,,,,,,,,,,,,,,,,,,,,,
CMD | Provincia de Buenos Aires,,,,,,,,,,,trabajo,Campaign Negative Phrase,Enabled,,,,,,,,,,,,,,,,,,,,,,,,
CMD | Provincia de Buenos Aires,,,,,,,,,,,empleo,Campaign Negative Phrase,Enabled,,,,,,,,,,,,,,,,,,,,,,,,
CMD | Provincia de Buenos Aires,,,,,,,,,,,curso,Campaign Negative Phrase,Enabled,,,,,,,,,,,,,,,,,,,,,,,,
CMD | Provincia de Buenos Aires,,,,,,,,,,,cursos,Campaign Negative Phrase,Enabled,,,,,,,,,,,,,,,,,,,,,,,,
CMD | Provincia de Buenos Aires,,,,,,,,,,,capacitacion,Campaign Negative Phrase,Enabled,,,,,,,,,,,,,,,,,,,,,,,,
CMD | Provincia de Buenos Aires,,,,,,,,,,,cv,Campaign Negative Phrase,Enabled,,,,,,,,,,,,,,,,,,,,,,,,
CMD | Provincia de Buenos Aires,,,,,,,,,,,curriculum,Campaign Negative Phrase,Enabled,,,,,,,,,,,,,,,,,,,,,,,,
CMD | Provincia de Buenos Aires,,,,,,,,,,,se busca,Campaign Negative Phrase,Enabled,,,,,,,,,,,,,,,,,,,,,,,,
CMD | Provincia de Buenos Aires,,,,,,,,,,,busco trabajo,Campaign Negative Phrase,Enabled,,,,,,,,,,,,,,,,,,,,,,,,
CMD | Provincia de Buenos Aires,,,,,,,,,,,changas,Campaign Negative Phrase,Enabled,,,,,,,,,,,,,,,,,,,,,,,,
CMD | Provincia de Buenos Aires,,,,,,,,,,,franquicia,Campaign Negative Phrase,Enabled,,,,,,,,,,,,,,,,,,,,,,,,
CMD | Provincia de Buenos Aires,,,,,,,,,,,franquicias,Campaign Negative Phrase,Enabled,,,,,,,,,,,,,,,,,,,,,,,,
CMD | Provincia de Buenos Aires,,,,,,,,,,,vender,Campaign Negative Phrase,Enabled,,,,,,,,,,,,,,,,,,,,,,,,
CMD | Provincia de Buenos Aires,,,,,,,,,,,venta de camiones,Campaign Negative Phrase,Enabled,,,,,,,,,,,,,,,,,,,,,,,,
CMD | Provincia de Buenos Aires,,,,,,,,,,,comprar camion,Campaign Negative Phrase,Enabled,,,,,,,,,,,,,,,,,,,,,,,,
CMD | Provincia de Buenos Aires,,,,,,,,,,,alquiler de camion,Campaign Negative Phrase,Enabled,,,,,,,,,,,,,,,,,,,,,,,,
CMD | Provincia de Buenos Aires,,,,,,,,,,,alquilar camioneta,Campaign Negative Phrase,Enabled,,,,,,,,,,,,,,,,,,,,,,,,
CMD | Provincia de Buenos Aires,,,,,,,,,,,como hacer una mudanza,Campaign Negative Phrase,Enabled,,,,,,,,,,,,,,,,,,,,,,,,
CMD | Provincia de Buenos Aires,,,,,,,,,,,tips,Campaign Negative Phrase,Enabled,,,,,,,,,,,,,,,,,,,,,,,,
CMD | Provincia de Buenos Aires,,,,,,,,,,,consejos,Campaign Negative Phrase,Enabled,,,,,,,,,,,,,,,,,,,,,,,,
CMD | Provincia de Buenos Aires,,,,,,,,,,,que es,Campaign Negative Phrase,Enabled,,,,,,,,,,,,,,,,,,,,,,,,
CMD | Provincia de Buenos Aires,,,,,,,,,,,significado,Campaign Negative Phrase,Enabled,,,,,,,,,,,,,,,,,,,,,,,,
CMD | Provincia de Buenos Aires,,,,,,,,,,,sinonimo,Campaign Negative Phrase,Enabled,,,,,,,,,,,,,,,,,,,,,,,,
CMD | Provincia de Buenos Aires,,,,,,,,,,,en ingles,Campaign Negative Phrase,Enabled,,,,,,,,,,,,,,,,,,,,,,,,
CMD | Provincia de Buenos Aires,,,,,,,,,,,juego,Campaign Negative Phrase,Enabled,,,,,,,,,,,,,,,,,,,,,,,,
CMD | Provincia de Buenos Aires,,,,,,,,,,,juegos,Campaign Negative Phrase,Enabled,,,,,,,,,,,,,,,,,,,,,,,,
CMD | Provincia de Buenos Aires,,,,,,,,,,,pelicula,Campaign Negative Phrase,Enabled,,,,,,,,,,,,,,,,,,,,,,,,
CMD | Provincia de Buenos Aires,,,,,,,,,,,cancion,Campaign Negative Phrase,Enabled,,,,,,,,,,,,,,,,,,,,,,,,
CMD | Provincia de Buenos Aires,,,,,,,,,,,letra,Campaign Negative Phrase,Enabled,,,,,,,,,,,,,,,,,,,,,,,,
CMD | Provincia de Buenos Aires,,,,,,,,,,,meme,Campaign Negative Phrase,Enabled,,,,,,,,,,,,,,,,,,,,,,,,
CMD | Provincia de Buenos Aires,,,,,,,,,,,guardamuebles,Campaign Negative Phrase,Enabled,,,,,,,,,,,,,,,,,,,,,,,,
CMD | Provincia de Buenos Aires,,,,,,,,,,,guarda muebles,Campaign Negative Phrase,Enabled,,,,,,,,,,,,,,,,,,,,,,,,
CMD | Provincia de Buenos Aires,,,,,,,,,,,baulera,Campaign Negative Phrase,Enabled,,,,,,,,,,,,,,,,,,,,,,,,
CMD | Provincia de Buenos Aires,,,,,,,,,,,bauleras,Campaign Negative Phrase,Enabled,,,,,,,,,,,,,,,,,,,,,,,,
CMD | Provincia de Buenos Aires,,,,,,,,,,,deposito,Campaign Negative Phrase,Enabled,,,,,,,,,,,,,,,,,,,,,,,,
CMD | Provincia de Buenos Aires,,,,,,,,,,,depositos,Campaign Negative Phrase,Enabled,,,,,,,,,,,,,,,,,,,,,,,,
CMD | Provincia de Buenos Aires,,,,,,,,,,,self storage,Campaign Negative Phrase,Enabled,,,,,,,,,,,,,,,,,,,,,,,,
CMD | Provincia de Buenos Aires,,,,,,,,,,,storage,Campaign Negative Phrase,Enabled,,,,,,,,,,,,,,,,,,,,,,,,
CMD | Provincia de Buenos Aires,,,,,,,,,,,limpieza,Campaign Negative Phrase,Enabled,,,,,,,,,,,,,,,,,,,,,,,,
CMD | Provincia de Buenos Aires,,,,,,,,,,,servicio de limpieza,Campaign Negative Phrase,Enabled,,,,,,,,,,,,,,,,,,,,,,,,
CMD | Provincia de Buenos Aires,,,,,,,,,,,pintura,Campaign Negative Phrase,Enabled,,,,,,,,,,,,,,,,,,,,,,,,
CMD | Provincia de Buenos Aires,,,,,,,,,,,pintor,Campaign Negative Phrase,Enabled,,,,,,,,,,,,,,,,,,,,,,,,
CMD | Provincia de Buenos Aires,,,,,,,,,,,mudanza a españa,Campaign Negative Phrase,Enabled,,,,,,,,,,,,,,,,,,,,,,,,
CMD | Provincia de Buenos Aires,,,,,,,,,,,mudanza a europa,Campaign Negative Phrase,Enabled,,,,,,,,,,,,,,,,,,,,,,,,
CMD | Provincia de Buenos Aires,,,,,,,,,,,mudanza a estados unidos,Campaign Negative Phrase,Enabled,,,,,,,,,,,,,,,,,,,,,,,,
CMD | Provincia de Buenos Aires,,,,,,,,,,,mudanza a mexico,Campaign Negative Phrase,Enabled,,,,,,,,,,,,,,,,,,,,,,,,
CMD | Provincia de Buenos Aires,,,,,,,,,,,mudanza a miami,Campaign Negative Phrase,Enabled,,,,,,,,,,,,,,,,,,,,,,,,
CMD | Provincia de Buenos Aires,,,,,,,,,,,mudanza a italia,Campaign Negative Phrase,Enabled,,,,,,,,,,,,,,,,,,,,,,,,
CMD | Provincia de Buenos Aires,,,,,,,,,,,mudanza a colombia,Campaign Negative Phrase,Enabled,,,,,,,,,,,,,,,,,,,,,,,,
CMD | Provincia de Buenos Aires,,,,,,,,,,,mudanza a peru,Campaign Negative Phrase,Enabled,,,,,,,,,,,,,,,,,,,,,,,,
CMD | Provincia de Buenos Aires,,,,,,,,,,,container maritimo,Campaign Negative Phrase,Enabled,,,,,,,,,,,,,,,,,,,,,,,,
CMD | Provincia de Buenos Aires,,,,,,,,,,,mudanza de mascotas sola,Campaign Negative Phrase,Enabled,,,,,,,,,,,,,,,,,,,,,,,,
CMD | Provincia de Buenos Aires,,,,,,,,,,,solo flete de moto,Campaign Negative Phrase,Enabled,,,,,,,,,,,,,,,,,,,,,,,,
CMD | Provincia de Buenos Aires,,,,,,,,,,,catamarca,Campaign Negative Phrase,Enabled,,,,,,,,,,,,,,,,,,,,,,,,
CMD | Provincia de Buenos Aires,,,,,,,,,,,chaco,Campaign Negative Phrase,Enabled,,,,,,,,,,,,,,,,,,,,,,,,
CMD | Provincia de Buenos Aires,,,,,,,,,,,chubut,Campaign Negative Phrase,Enabled,,,,,,,,,,,,,,,,,,,,,,,,
CMD | Provincia de Buenos Aires,,,,,,,,,,,cordoba,Campaign Negative Phrase,Enabled,,,,,,,,,,,,,,,,,,,,,,,,
CMD | Provincia de Buenos Aires,,,,,,,,,,,corrientes,Campaign Negative Phrase,Enabled,,,,,,,,,,,,,,,,,,,,,,,,
CMD | Provincia de Buenos Aires,,,,,,,,,,,entre rios,Campaign Negative Phrase,Enabled,,,,,,,,,,,,,,,,,,,,,,,,
CMD | Provincia de Buenos Aires,,,,,,,,,,,formosa,Campaign Negative Phrase,Enabled,,,,,,,,,,,,,,,,,,,,,,,,
CMD | Provincia de Buenos Aires,,,,,,,,,,,jujuy,Campaign Negative Phrase,Enabled,,,,,,,,,,,,,,,,,,,,,,,,
CMD | Provincia de Buenos Aires,,,,,,,,,,,la pampa,Campaign Negative Phrase,Enabled,,,,,,,,,,,,,,,,,,,,,,,,
CMD | Provincia de Buenos Aires,,,,,,,,,,,la rioja,Campaign Negative Phrase,Enabled,,,,,,,,,,,,,,,,,,,,,,,,
CMD | Provincia de Buenos Aires,,,,,,,,,,,mendoza,Campaign Negative Phrase,Enabled,,,,,,,,,,,,,,,,,,,,,,,,
CMD | Provincia de Buenos Aires,,,,,,,,,,,misiones,Campaign Negative Phrase,Enabled,,,,,,,,,,,,,,,,,,,,,,,,
CMD | Provincia de Buenos Aires,,,,,,,,,,,neuquen,Campaign Negative Phrase,Enabled,,,,,,,,,,,,,,,,,,,,,,,,
CMD | Provincia de Buenos Aires,,,,,,,,,,,rio negro,Campaign Negative Phrase,Enabled,,,,,,,,,,,,,,,,,,,,,,,,
CMD | Provincia de Buenos Aires,,,,,,,,,,,salta,Campaign Negative Phrase,Enabled,,,,,,,,,,,,,,,,,,,,,,,,
CMD | Provincia de Buenos Aires,,,,,,,,,,,san juan,Campaign Negative Phrase,Enabled,,,,,,,,,,,,,,,,,,,,,,,,
CMD | Provincia de Buenos Aires,,,,,,,,,,,san luis,Campaign Negative Phrase,Enabled,,,,,,,,,,,,,,,,,,,,,,,,
CMD | Provincia de Buenos Aires,,,,,,,,,,,santa cruz,Campaign Negative Phrase,Enabled,,,,,,,,,,,,,,,,,,,,,,,,
CMD | Provincia de Buenos Aires,,,,,,,,,,,santa fe,Campaign Negative Phrase,Enabled,,,,,,,,,,,,,,,,,,,,,,,,
CMD | Provincia de Buenos Aires,,,,,,,,,,,santiago del estero,Campaign Negative Phrase,Enabled,,,,,,,,,,,,,,,,,,,,,,,,
CMD | Provincia de Buenos Aires,,,,,,,,,,,tierra del fuego,Campaign Negative Phrase,Enabled,,,,,,,,,,,,,,,,,,,,,,,,
CMD | Provincia de Buenos Aires,,,,,,,,,,,tucuman,Campaign Negative Phrase,Enabled,,,,,,,,,,,,,,,,,,,,,,,,
CMD | Provincia de Buenos Aires,,,,,,,,Buenos Aires,400,Enabled,,,,,,,,,,,,,,,,,,,,,,,,,,,
CMD | Provincia de Buenos Aires,,,,,,,,Buenos Aires,,,mudanzas buenos aires,Phrase,Enabled,,,,,,,,,,,,,,,,,,,,,,,,
CMD | Provincia de Buenos Aires,,,,,,,,Buenos Aires,,,mudanzas buenos aires,Exact,Enabled,,,,,,,,,,,,,,,,,,,,,,,,
CMD | Provincia de Buenos Aires,,,,,,,,Buenos Aires,,,mudanzas en buenos aires,Phrase,Enabled,,,,,,,,,,,,,,,,,,,,,,,,
CMD | Provincia de Buenos Aires,,,,,,,,Buenos Aires,,,mudanzas en buenos aires,Exact,Enabled,,,,,,,,,,,,,,,,,,,,,,,,
CMD | Provincia de Buenos Aires,,,,,,,,Buenos Aires,,,empresa de mudanzas buenos aires,Phrase,Enabled,,,,,,,,,,,,,,,,,,,,,,,,
CMD | Provincia de Buenos Aires,,,,,,,,Buenos Aires,,,empresa de mudanzas buenos aires,Exact,Enabled,,,,,,,,,,,,,,,,,,,,,,,,
CMD | Provincia de Buenos Aires,,,,,,,,Buenos Aires,,,presupuesto mudanza buenos aires,Phrase,Enabled,,,,,,,,,,,,,,,,,,,,,,,,
CMD | Provincia de Buenos Aires,,,,,,,,Buenos Aires,,,presupuesto mudanza buenos aires,Exact,Enabled,,,,,,,,,,,,,,,,,,,,,,,,
CMD | Provincia de Buenos Aires,,,,,,,,Buenos Aires,,,mudanzas gran buenos aires,Phrase,Enabled,,,,,,,,,,,,,,,,,,,,,,,,
CMD | Provincia de Buenos Aires,,,,,,,,Buenos Aires,,,mudanzas gran buenos aires,Exact,Enabled,,,,,,,,,,,,,,,,,,,,,,,,
CMD | Provincia de Buenos Aires,,,,,,,,Buenos Aires,,,mudanzas gba,Phrase,Enabled,,,,,,,,,,,,,,,,,,,,,,,,
CMD | Provincia de Buenos Aires,,,,,,,,Buenos Aires,,,mudanzas gba,Exact,Enabled,,,,,,,,,,,,,,,,,,,,,,,,
CMD | Provincia de Buenos Aires,,,,,,,,Buenos Aires,,,mudanzas zona norte,Phrase,Enabled,,,,,,,,,,,,,,,,,,,,,,,,
CMD | Provincia de Buenos Aires,,,,,,,,Buenos Aires,,,mudanzas zona norte,Exact,Enabled,,,,,,,,,,,,,,,,,,,,,,,,
CMD | Provincia de Buenos Aires,,,,,,,,Buenos Aires,,,mudanzas zona oeste,Phrase,Enabled,,,,,,,,,,,,,,,,,,,,,,,,
CMD | Provincia de Buenos Aires,,,,,,,,Buenos Aires,,,mudanzas zona oeste,Exact,Enabled,,,,,,,,,,,,,,,,,,,,,,,,
CMD | Provincia de Buenos Aires,,,,,,,,Buenos Aires,,,mudanzas zona sur,Phrase,Enabled,,,,,,,,,,,,,,,,,,,,,,,,
CMD | Provincia de Buenos Aires,,,,,,,,Buenos Aires,,,mudanzas zona sur,Exact,Enabled,,,,,,,,,,,,,,,,,,,,,,,,
CMD | Provincia de Buenos Aires,,,,,,,,Buenos Aires,,,empresa de mudanzas gba,Phrase,Enabled,,,,,,,,,,,,,,,,,,,,,,,,
CMD | Provincia de Buenos Aires,,,,,,,,Buenos Aires,,,empresa de mudanzas gba,Exact,Enabled,,,,,,,,,,,,,,,,,,,,,,,,
CMD | Provincia de Buenos Aires,,,,,,,,Buenos Aires,,,,,,Responsive search ad,https://www.cmdmudanzas.com/mudanzas-buenos-aires,mudanzas,,Mudanzas en Buenos Aires,Mudanzas Buenos Aires,Seguro Incluido Siempre,Camiones de 20 a 50 m³,Plataforma Hasta 1.200 kg,Cotizá Gratis Sin Cargo,Respuesta en 24 Horas,Embalaje y Desembalaje,Personal Capacitado,Consultá por WhatsApp,Presupuesto Sin Cargo,Cuidamos Tus Cosas,Carga y Descarga Incluida,Mudate Sin Estrés,,"Mudanzas en Buenos Aires con camiones propios, plataforma elevadora y seguro.","Camiones propios de 20 a 50 m³, plataforma elevadora y seguro incluido en cada viaje.",Cotizá tu mudanza sin cargo. Te respondemos en menos de 24 horas por WhatsApp.,"Mudanzas de casas, departamentos y oficinas. Embalaje, carga, descarga y ayudantes.",Enabled
CMD | Provincia de Buenos Aires,,,,,,,,Partido de la Costa,400,Enabled,,,,,,,,,,,,,,,,,,,,,,,,,,,
CMD | Provincia de Buenos Aires,,,,,,,,Partido de la Costa,,,mudanzas partido de la costa,Phrase,Enabled,,,,,,,,,,,,,,,,,,,,,,,,
CMD | Provincia de Buenos Aires,,,,,,,,Partido de la Costa,,,mudanzas partido de la costa,Exact,Enabled,,,,,,,,,,,,,,,,,,,,,,,,
CMD | Provincia de Buenos Aires,,,,,,,,Partido de la Costa,,,mudanzas en partido de la costa,Phrase,Enabled,,,,,,,,,,,,,,,,,,,,,,,,
CMD | Provincia de Buenos Aires,,,,,,,,Partido de la Costa,,,mudanzas en partido de la costa,Exact,Enabled,,,,,,,,,,,,,,,,,,,,,,,,
CMD | Provincia de Buenos Aires,,,,,,,,Partido de la Costa,,,empresa de mudanzas partido de la costa,Phrase,Enabled,,,,,,,,,,,,,,,,,,,,,,,,
CMD | Provincia de Buenos Aires,,,,,,,,Partido de la Costa,,,empresa de mudanzas partido de la costa,Exact,Enabled,,,,,,,,,,,,,,,,,,,,,,,,
CMD | Provincia de Buenos Aires,,,,,,,,Partido de la Costa,,,presupuesto mudanza partido de la costa,Phrase,Enabled,,,,,,,,,,,,,,,,,,,,,,,,
CMD | Provincia de Buenos Aires,,,,,,,,Partido de la Costa,,,presupuesto mudanza partido de la costa,Exact,Enabled,,,,,,,,,,,,,,,,,,,,,,,,
CMD | Provincia de Buenos Aires,,,,,,,,Partido de la Costa,,,fletes partido de la costa,Phrase,Enabled,,,,,,,,,,,,,,,,,,,,,,,,
CMD | Provincia de Buenos Aires,,,,,,,,Partido de la Costa,,,fletes partido de la costa,Exact,Enabled,,,,,,,,,,,,,,,,,,,,,,,,
CMD | Provincia de Buenos Aires,,,,,,,,Partido de la Costa,,,,,,Responsive search ad,https://www.cmdmudanzas.com/mudanzas-partido-de-la-costa,mudanzas,,Mudanzas Partido de la Costa,Seguro Incluido Siempre,Camiones de 20 a 50 m³,Plataforma Hasta 1.200 kg,Cotizá Gratis Sin Cargo,Respuesta en 24 Horas,Embalaje y Desembalaje,Personal Capacitado,Consultá por WhatsApp,Presupuesto Sin Cargo,Cuidamos Tus Cosas,Carga y Descarga Incluida,Mudate Sin Estrés,,,"Mudanzas en Partido de la Costa con camiones propios, plataforma elevadora y seguro.","Camiones propios de 20 a 50 m³, plataforma elevadora y seguro incluido en cada viaje.",Cotizá tu mudanza sin cargo. Te respondemos en menos de 24 horas por WhatsApp.,"Mudanzas de casas, departamentos y oficinas. Embalaje, carga, descarga y ayudantes.",Enabled
CMD | Provincia de Buenos Aires,,,,,,,,San Clemente del Tuyú,400,Enabled,,,,,,,,,,,,,,,,,,,,,,,,,,,
CMD | Provincia de Buenos Aires,,,,,,,,San Clemente del Tuyú,,,mudanzas san clemente del tuyu,Phrase,Enabled,,,,,,,,,,,,,,,,,,,,,,,,
CMD | Provincia de Buenos Aires,,,,,,,,San Clemente del Tuyú,,,mudanzas san clemente del tuyu,Exact,Enabled,,,,,,,,,,,,,,,,,,,,,,,,
CMD | Provincia de Buenos Aires,,,,,,,,San Clemente del Tuyú,,,mudanzas en san clemente del tuyu,Phrase,Enabled,,,,,,,,,,,,,,,,,,,,,,,,
CMD | Provincia de Buenos Aires,,,,,,,,San Clemente del Tuyú,,,mudanzas en san clemente del tuyu,Exact,Enabled,,,,,,,,,,,,,,,,,,,,,,,,
CMD | Provincia de Buenos Aires,,,,,,,,San Clemente del Tuyú,,,empresa de mudanzas san clemente del tuyu,Phrase,Enabled,,,,,,,,,,,,,,,,,,,,,,,,
CMD | Provincia de Buenos Aires,,,,,,,,San Clemente del Tuyú,,,empresa de mudanzas san clemente del tuyu,Exact,Enabled,,,,,,,,,,,,,,,,,,,,,,,,
CMD | Provincia de Buenos Aires,,,,,,,,San Clemente del Tuyú,,,presupuesto mudanza san clemente del tuyu,Phrase,Enabled,,,,,,,,,,,,,,,,,,,,,,,,
CMD | Provincia de Buenos Aires,,,,,,,,San Clemente del Tuyú,,,presupuesto mudanza san clemente del tuyu,Exact,Enabled,,,,,,,,,,,,,,,,,,,,,,,,
CMD | Provincia de Buenos Aires,,,,,,,,San Clemente del Tuyú,,,fletes san clemente del tuyu,Phrase,Enabled,,,,,,,,,,,,,,,,,,,,,,,,
CMD | Provincia de Buenos Aires,,,,,,,,San Clemente del Tuyú,,,fletes san clemente del tuyu,Exact,Enabled,,,,,,,,,,,,,,,,,,,,,,,,
CMD | Provincia de Buenos Aires,,,,,,,,San Clemente del Tuyú,,,,,,Responsive search ad,https://www.cmdmudanzas.com/mudanzas-san-clemente-del-tuyu,mudanzas,,Mudanzas San Clemente del Tuyú,Seguro Incluido Siempre,Camiones de 20 a 50 m³,Plataforma Hasta 1.200 kg,Cotizá Gratis Sin Cargo,Respuesta en 24 Horas,Embalaje y Desembalaje,Personal Capacitado,Consultá por WhatsApp,Presupuesto Sin Cargo,Cuidamos Tus Cosas,Carga y Descarga Incluida,Mudate Sin Estrés,,,"Mudanzas en San Clemente del Tuyú con camiones propios, plataforma elevadora y seguro.","Camiones propios de 20 a 50 m³, plataforma elevadora y seguro incluido en cada viaje.",Cotizá tu mudanza sin cargo. Te respondemos en menos de 24 horas por WhatsApp.,"Mudanzas de casas, departamentos y oficinas. Embalaje, carga, descarga y ayudantes.",Enabled
CMD | Provincia de Buenos Aires,,,,,,,,Las Toninas,400,Enabled,,,,,,,,,,,,,,,,,,,,,,,,,,,
CMD | Provincia de Buenos Aires,,,,,,,,Las Toninas,,,mudanzas las toninas,Phrase,Enabled,,,,,,,,,,,,,,,,,,,,,,,,
CMD | Provincia de Buenos Aires,,,,,,,,Las Toninas,,,mudanzas las toninas,Exact,Enabled,,,,,,,,,,,,,,,,,,,,,,,,
CMD | Provincia de Buenos Aires,,,,,,,,Las Toninas,,,mudanzas en las toninas,Phrase,Enabled,,,,,,,,,,,,,,,,,,,,,,,,
CMD | Provincia de Buenos Aires,,,,,,,,Las Toninas,,,mudanzas en las toninas,Exact,Enabled,,,,,,,,,,,,,,,,,,,,,,,,
CMD | Provincia de Buenos Aires,,,,,,,,Las Toninas,,,empresa de mudanzas las toninas,Phrase,Enabled,,,,,,,,,,,,,,,,,,,,,,,,
CMD | Provincia de Buenos Aires,,,,,,,,Las Toninas,,,empresa de mudanzas las toninas,Exact,Enabled,,,,,,,,,,,,,,,,,,,,,,,,
CMD | Provincia de Buenos Aires,,,,,,,,Las Toninas,,,presupuesto mudanza las toninas,Phrase,Enabled,,,,,,,,,,,,,,,,,,,,,,,,
CMD | Provincia de Buenos Aires,,,,,,,,Las Toninas,,,presupuesto mudanza las toninas,Exact,Enabled,,,,,,,,,,,,,,,,,,,,,,,,
CMD | Provincia de Buenos Aires,,,,,,,,Las Toninas,,,fletes las toninas,Phrase,Enabled,,,,,,,,,,,,,,,,,,,,,,,,
CMD | Provincia de Buenos Aires,,,,,,,,Las Toninas,,,fletes las toninas,Exact,Enabled,,,,,,,,,,,,,,,,,,,,,,,,
CMD | Provincia de Buenos Aires,,,,,,,,Las Toninas,,,,,,Responsive search ad,https://www.cmdmudanzas.com/mudanzas-las-toninas,mudanzas,,Mudanzas en Las Toninas,Mudanzas Las Toninas,Seguro Incluido Siempre,Camiones de 20 a 50 m³,Plataforma Hasta 1.200 kg,Cotizá Gratis Sin Cargo,Respuesta en 24 Horas,Embalaje y Desembalaje,Personal Capacitado,Consultá por WhatsApp,Presupuesto Sin Cargo,Cuidamos Tus Cosas,Carga y Descarga Incluida,Mudate Sin Estrés,,"Mudanzas en Las Toninas con camiones propios, plataforma elevadora y seguro.","Camiones propios de 20 a 50 m³, plataforma elevadora y seguro incluido en cada viaje.",Cotizá tu mudanza sin cargo. Te respondemos en menos de 24 horas por WhatsApp.,"Mudanzas de casas, departamentos y oficinas. Embalaje, carga, descarga y ayudantes.",Enabled
CMD | Provincia de Buenos Aires,,,,,,,,Santa Teresita,400,Enabled,,,,,,,,,,,,,,,,,,,,,,,,,,,
CMD | Provincia de Buenos Aires,,,,,,,,Santa Teresita,,,mudanzas santa teresita,Phrase,Enabled,,,,,,,,,,,,,,,,,,,,,,,,
CMD | Provincia de Buenos Aires,,,,,,,,Santa Teresita,,,mudanzas santa teresita,Exact,Enabled,,,,,,,,,,,,,,,,,,,,,,,,
CMD | Provincia de Buenos Aires,,,,,,,,Santa Teresita,,,mudanzas en santa teresita,Phrase,Enabled,,,,,,,,,,,,,,,,,,,,,,,,
CMD | Provincia de Buenos Aires,,,,,,,,Santa Teresita,,,mudanzas en santa teresita,Exact,Enabled,,,,,,,,,,,,,,,,,,,,,,,,
CMD | Provincia de Buenos Aires,,,,,,,,Santa Teresita,,,empresa de mudanzas santa teresita,Phrase,Enabled,,,,,,,,,,,,,,,,,,,,,,,,
CMD | Provincia de Buenos Aires,,,,,,,,Santa Teresita,,,empresa de mudanzas santa teresita,Exact,Enabled,,,,,,,,,,,,,,,,,,,,,,,,
CMD | Provincia de Buenos Aires,,,,,,,,Santa Teresita,,,presupuesto mudanza santa teresita,Phrase,Enabled,,,,,,,,,,,,,,,,,,,,,,,,
CMD | Provincia de Buenos Aires,,,,,,,,Santa Teresita,,,presupuesto mudanza santa teresita,Exact,Enabled,,,,,,,,,,,,,,,,,,,,,,,,
CMD | Provincia de Buenos Aires,,,,,,,,Santa Teresita,,,fletes santa teresita,Phrase,Enabled,,,,,,,,,,,,,,,,,,,,,,,,
CMD | Provincia de Buenos Aires,,,,,,,,Santa Teresita,,,fletes santa teresita,Exact,Enabled,,,,,,,,,,,,,,,,,,,,,,,,
CMD | Provincia de Buenos Aires,,,,,,,,Santa Teresita,,,,,,Responsive search ad,https://www.cmdmudanzas.com/mudanzas-santa-teresita,mudanzas,,Mudanzas en Santa Teresita,Mudanzas Santa Teresita,Seguro Incluido Siempre,Camiones de 20 a 50 m³,Plataforma Hasta 1.200 kg,Cotizá Gratis Sin Cargo,Respuesta en 24 Horas,Embalaje y Desembalaje,Personal Capacitado,Consultá por WhatsApp,Presupuesto Sin Cargo,Cuidamos Tus Cosas,Carga y Descarga Incluida,Mudate Sin Estrés,,"Mudanzas en Santa Teresita con camiones propios, plataforma elevadora y seguro.","Camiones propios de 20 a 50 m³, plataforma elevadora y seguro incluido en cada viaje.",Cotizá tu mudanza sin cargo. Te respondemos en menos de 24 horas por WhatsApp.,"Mudanzas de casas, departamentos y oficinas. Embalaje, carga, descarga y ayudantes.",Enabled
CMD | Provincia de Buenos Aires,,,,,,,,Mar del Tuyú,400,Enabled,,,,,,,,,,,,,,,,,,,,,,,,,,,
CMD | Provincia de Buenos Aires,,,,,,,,Mar del Tuyú,,,mudanzas mar del tuyu,Phrase,Enabled,,,,,,,,,,,,,,,,,,,,,,,,
CMD | Provincia de Buenos Aires,,,,,,,,Mar del Tuyú,,,mudanzas mar del tuyu,Exact,Enabled,,,,,,,,,,,,,,,,,,,,,,,,
CMD | Provincia de Buenos Aires,,,,,,,,Mar del Tuyú,,,mudanzas en mar del tuyu,Phrase,Enabled,,,,,,,,,,,,,,,,,,,,,,,,
CMD | Provincia de Buenos Aires,,,,,,,,Mar del Tuyú,,,mudanzas en mar del tuyu,Exact,Enabled,,,,,,,,,,,,,,,,,,,,,,,,
CMD | Provincia de Buenos Aires,,,,,,,,Mar del Tuyú,,,empresa de mudanzas mar del tuyu,Phrase,Enabled,,,,,,,,,,,,,,,,,,,,,,,,
CMD | Provincia de Buenos Aires,,,,,,,,Mar del Tuyú,,,empresa de mudanzas mar del tuyu,Exact,Enabled,,,,,,,,,,,,,,,,,,,,,,,,
CMD | Provincia de Buenos Aires,,,,,,,,Mar del Tuyú,,,presupuesto mudanza mar del tuyu,Phrase,Enabled,,,,,,,,,,,,,,,,,,,,,,,,
CMD | Provincia de Buenos Aires,,,,,,,,Mar del Tuyú,,,presupuesto mudanza mar del tuyu,Exact,Enabled,,,,,,,,,,,,,,,,,,,,,,,,
CMD | Provincia de Buenos Aires,,,,,,,,Mar del Tuyú,,,fletes mar del tuyu,Phrase,Enabled,,,,,,,,,,,,,,,,,,,,,,,,
CMD | Provincia de Buenos Aires,,,,,,,,Mar del Tuyú,,,fletes mar del tuyu,Exact,Enabled,,,,,,,,,,,,,,,,,,,,,,,,
CMD | Provincia de Buenos Aires,,,,,,,,Mar del Tuyú,,,,,,Responsive search ad,https://www.cmdmudanzas.com/mudanzas-mar-del-tuyu,mudanzas,,Mudanzas en Mar del Tuyú,Mudanzas Mar del Tuyú,Seguro Incluido Siempre,Camiones de 20 a 50 m³,Plataforma Hasta 1.200 kg,Cotizá Gratis Sin Cargo,Respuesta en 24 Horas,Embalaje y Desembalaje,Personal Capacitado,Consultá por WhatsApp,Presupuesto Sin Cargo,Cuidamos Tus Cosas,Carga y Descarga Incluida,Mudate Sin Estrés,,"Mudanzas en Mar del Tuyú con camiones propios, plataforma elevadora y seguro.","Camiones propios de 20 a 50 m³, plataforma elevadora y seguro incluido en cada viaje.",Cotizá tu mudanza sin cargo. Te respondemos en menos de 24 horas por WhatsApp.,"Mudanzas de casas, departamentos y oficinas. Embalaje, carga, descarga y ayudantes.",Enabled
CMD | Provincia de Buenos Aires,,,,,,,,Costa del Este,400,Enabled,,,,,,,,,,,,,,,,,,,,,,,,,,,
CMD | Provincia de Buenos Aires,,,,,,,,Costa del Este,,,mudanzas costa del este,Phrase,Enabled,,,,,,,,,,,,,,,,,,,,,,,,
CMD | Provincia de Buenos Aires,,,,,,,,Costa del Este,,,mudanzas costa del este,Exact,Enabled,,,,,,,,,,,,,,,,,,,,,,,,
CMD | Provincia de Buenos Aires,,,,,,,,Costa del Este,,,mudanzas en costa del este,Phrase,Enabled,,,,,,,,,,,,,,,,,,,,,,,,
CMD | Provincia de Buenos Aires,,,,,,,,Costa del Este,,,mudanzas en costa del este,Exact,Enabled,,,,,,,,,,,,,,,,,,,,,,,,
CMD | Provincia de Buenos Aires,,,,,,,,Costa del Este,,,empresa de mudanzas costa del este,Phrase,Enabled,,,,,,,,,,,,,,,,,,,,,,,,
CMD | Provincia de Buenos Aires,,,,,,,,Costa del Este,,,empresa de mudanzas costa del este,Exact,Enabled,,,,,,,,,,,,,,,,,,,,,,,,
CMD | Provincia de Buenos Aires,,,,,,,,Costa del Este,,,presupuesto mudanza costa del este,Phrase,Enabled,,,,,,,,,,,,,,,,,,,,,,,,
CMD | Provincia de Buenos Aires,,,,,,,,Costa del Este,,,presupuesto mudanza costa del este,Exact,Enabled,,,,,,,,,,,,,,,,,,,,,,,,
CMD | Provincia de Buenos Aires,,,,,,,,Costa del Este,,,fletes costa del este,Phrase,Enabled,,,,,,,,,,,,,,,,,,,,,,,,
CMD | Provincia de Buenos Aires,,,,,,,,Costa del Este,,,fletes costa del este,Exact,Enabled,,,,,,,,,,,,,,,,,,,,,,,,
CMD | Provincia de Buenos Aires,,,,,,,,Costa del Este,,,,,,Responsive search ad,https://www.cmdmudanzas.com/mudanzas-costa-del-este,mudanzas,,Mudanzas en Costa del Este,Mudanzas Costa del Este,Seguro Incluido Siempre,Camiones de 20 a 50 m³,Plataforma Hasta 1.200 kg,Cotizá Gratis Sin Cargo,Respuesta en 24 Horas,Embalaje y Desembalaje,Personal Capacitado,Consultá por WhatsApp,Presupuesto Sin Cargo,Cuidamos Tus Cosas,Carga y Descarga Incluida,Mudate Sin Estrés,,"Mudanzas en Costa del Este con camiones propios, plataforma elevadora y seguro.","Camiones propios de 20 a 50 m³, plataforma elevadora y seguro incluido en cada viaje.",Cotizá tu mudanza sin cargo. Te respondemos en menos de 24 horas por WhatsApp.,"Mudanzas de casas, departamentos y oficinas. Embalaje, carga, descarga y ayudantes.",Enabled
CMD | Provincia de Buenos Aires,,,,,,,,Aguas Verdes,400,Enabled,,,,,,,,,,,,,,,,,,,,,,,,,,,
CMD | Provincia de Buenos Aires,,,,,,,,Aguas Verdes,,,mudanzas aguas verdes,Phrase,Enabled,,,,,,,,,,,,,,,,,,,,,,,,
CMD | Provincia de Buenos Aires,,,,,,,,Aguas Verdes,,,mudanzas aguas verdes,Exact,Enabled,,,,,,,,,,,,,,,,,,,,,,,,
CMD | Provincia de Buenos Aires,,,,,,,,Aguas Verdes,,,mudanzas en aguas verdes,Phrase,Enabled,,,,,,,,,,,,,,,,,,,,,,,,
CMD | Provincia de Buenos Aires,,,,,,,,Aguas Verdes,,,mudanzas en aguas verdes,Exact,Enabled,,,,,,,,,,,,,,,,,,,,,,,,
CMD | Provincia de Buenos Aires,,,,,,,,Aguas Verdes,,,empresa de mudanzas aguas verdes,Phrase,Enabled,,,,,,,,,,,,,,,,,,,,,,,,
CMD | Provincia de Buenos Aires,,,,,,,,Aguas Verdes,,,empresa de mudanzas aguas verdes,Exact,Enabled,,,,,,,,,,,,,,,,,,,,,,,,
CMD | Provincia de Buenos Aires,,,,,,,,Aguas Verdes,,,presupuesto mudanza aguas verdes,Phrase,Enabled,,,,,,,,,,,,,,,,,,,,,,,,
CMD | Provincia de Buenos Aires,,,,,,,,Aguas Verdes,,,presupuesto mudanza aguas verdes,Exact,Enabled,,,,,,,,,,,,,,,,,,,,,,,,
CMD | Provincia de Buenos Aires,,,,,,,,Aguas Verdes,,,fletes aguas verdes,Phrase,Enabled,,,,,,,,,,,,,,,,,,,,,,,,
CMD | Provincia de Buenos Aires,,,,,,,,Aguas Verdes,,,fletes aguas verdes,Exact,Enabled,,,,,,,,,,,,,,,,,,,,,,,,
CMD | Provincia de Buenos Aires,,,,,,,,Aguas Verdes,,,,,,Responsive search ad,https://www.cmdmudanzas.com/mudanzas-aguas-verdes,mudanzas,,Mudanzas en Aguas Verdes,Mudanzas Aguas Verdes,Seguro Incluido Siempre,Camiones de 20 a 50 m³,Plataforma Hasta 1.200 kg,Cotizá Gratis Sin Cargo,Respuesta en 24 Horas,Embalaje y Desembalaje,Personal Capacitado,Consultá por WhatsApp,Presupuesto Sin Cargo,Cuidamos Tus Cosas,Carga y Descarga Incluida,Mudate Sin Estrés,,"Mudanzas en Aguas Verdes con camiones propios, plataforma elevadora y seguro.","Camiones propios de 20 a 50 m³, plataforma elevadora y seguro incluido en cada viaje.",Cotizá tu mudanza sin cargo. Te respondemos en menos de 24 horas por WhatsApp.,"Mudanzas de casas, departamentos y oficinas. Embalaje, carga, descarga y ayudantes.",Enabled
CMD | Provincia de Buenos Aires,,,,,,,,La Lucila del Mar,400,Enabled,,,,,,,,,,,,,,,,,,,,,,,,,,,
CMD | Provincia de Buenos Aires,,,,,,,,La Lucila del Mar,,,mudanzas la lucila del mar,Phrase,Enabled,,,,,,,,,,,,,,,,,,,,,,,,
CMD | Provincia de Buenos Aires,,,,,,,,La Lucila del Mar,,,mudanzas la lucila del mar,Exact,Enabled,,,,,,,,,,,,,,,,,,,,,,,,
CMD | Provincia de Buenos Aires,,,,,,,,La Lucila del Mar,,,mudanzas en la lucila del mar,Phrase,Enabled,,,,,,,,,,,,,,,,,,,,,,,,
CMD | Provincia de Buenos Aires,,,,,,,,La Lucila del Mar,,,mudanzas en la lucila del mar,Exact,Enabled,,,,,,,,,,,,,,,,,,,,,,,,
CMD | Provincia de Buenos Aires,,,,,,,,La Lucila del Mar,,,empresa de mudanzas la lucila del mar,Phrase,Enabled,,,,,,,,,,,,,,,,,,,,,,,,
CMD | Provincia de Buenos Aires,,,,,,,,La Lucila del Mar,,,empresa de mudanzas la lucila del mar,Exact,Enabled,,,,,,,,,,,,,,,,,,,,,,,,
CMD | Provincia de Buenos Aires,,,,,,,,La Lucila del Mar,,,presupuesto mudanza la lucila del mar,Phrase,Enabled,,,,,,,,,,,,,,,,,,,,,,,,
CMD | Provincia de Buenos Aires,,,,,,,,La Lucila del Mar,,,presupuesto mudanza la lucila del mar,Exact,Enabled,,,,,,,,,,,,,,,,,,,,,,,,
CMD | Provincia de Buenos Aires,,,,,,,,La Lucila del Mar,,,fletes la lucila del mar,Phrase,Enabled,,,,,,,,,,,,,,,,,,,,,,,,
CMD | Provincia de Buenos Aires,,,,,,,,La Lucila del Mar,,,fletes la lucila del mar,Exact,Enabled,,,,,,,,,,,,,,,,,,,,,,,,
CMD | Provincia de Buenos Aires,,,,,,,,La Lucila del Mar,,,,,,Responsive search ad,https://www.cmdmudanzas.com/mudanzas-la-lucila-del-mar,mudanzas,,Mudanzas en La Lucila del Mar,Mudanzas La Lucila del Mar,Seguro Incluido Siempre,Camiones de 20 a 50 m³,Plataforma Hasta 1.200 kg,Cotizá Gratis Sin Cargo,Respuesta en 24 Horas,Embalaje y Desembalaje,Personal Capacitado,Consultá por WhatsApp,Presupuesto Sin Cargo,Cuidamos Tus Cosas,Carga y Descarga Incluida,Mudate Sin Estrés,,"Mudanzas en La Lucila del Mar con camiones propios, plataforma elevadora y seguro.","Camiones propios de 20 a 50 m³, plataforma elevadora y seguro incluido en cada viaje.",Cotizá tu mudanza sin cargo. Te respondemos en menos de 24 horas por WhatsApp.,"Mudanzas de casas, departamentos y oficinas. Embalaje, carga, descarga y ayudantes.",Enabled
CMD | Provincia de Buenos Aires,,,,,,,,San Bernardo,400,Enabled,,,,,,,,,,,,,,,,,,,,,,,,,,,
CMD | Provincia de Buenos Aires,,,,,,,,San Bernardo,,,mudanzas san bernardo,Phrase,Enabled,,,,,,,,,,,,,,,,,,,,,,,,
CMD | Provincia de Buenos Aires,,,,,,,,San Bernardo,,,mudanzas san bernardo,Exact,Enabled,,,,,,,,,,,,,,,,,,,,,,,,
CMD | Provincia de Buenos Aires,,,,,,,,San Bernardo,,,mudanzas en san bernardo,Phrase,Enabled,,,,,,,,,,,,,,,,,,,,,,,,
CMD | Provincia de Buenos Aires,,,,,,,,San Bernardo,,,mudanzas en san bernardo,Exact,Enabled,,,,,,,,,,,,,,,,,,,,,,,,
CMD | Provincia de Buenos Aires,,,,,,,,San Bernardo,,,empresa de mudanzas san bernardo,Phrase,Enabled,,,,,,,,,,,,,,,,,,,,,,,,
CMD | Provincia de Buenos Aires,,,,,,,,San Bernardo,,,empresa de mudanzas san bernardo,Exact,Enabled,,,,,,,,,,,,,,,,,,,,,,,,
CMD | Provincia de Buenos Aires,,,,,,,,San Bernardo,,,presupuesto mudanza san bernardo,Phrase,Enabled,,,,,,,,,,,,,,,,,,,,,,,,
CMD | Provincia de Buenos Aires,,,,,,,,San Bernardo,,,presupuesto mudanza san bernardo,Exact,Enabled,,,,,,,,,,,,,,,,,,,,,,,,
CMD | Provincia de Buenos Aires,,,,,,,,San Bernardo,,,fletes san bernardo,Phrase,Enabled,,,,,,,,,,,,,,,,,,,,,,,,
CMD | Provincia de Buenos Aires,,,,,,,,San Bernardo,,,fletes san bernardo,Exact,Enabled,,,,,,,,,,,,,,,,,,,,,,,,
CMD | Provincia de Buenos Aires,,,,,,,,San Bernardo,,,,,,Responsive search ad,https://www.cmdmudanzas.com/mudanzas-san-bernardo,mudanzas,,Mudanzas en San Bernardo,Mudanzas San Bernardo,Seguro Incluido Siempre,Camiones de 20 a 50 m³,Plataforma Hasta 1.200 kg,Cotizá Gratis Sin Cargo,Respuesta en 24 Horas,Embalaje y Desembalaje,Personal Capacitado,Consultá por WhatsApp,Presupuesto Sin Cargo,Cuidamos Tus Cosas,Carga y Descarga Incluida,Mudate Sin Estrés,,"Mudanzas en San Bernardo con camiones propios, plataforma elevadora y seguro.","Camiones propios de 20 a 50 m³, plataforma elevadora y seguro incluido en cada viaje.",Cotizá tu mudanza sin cargo. Te respondemos en menos de 24 horas por WhatsApp.,"Mudanzas de casas, departamentos y oficinas. Embalaje, carga, descarga y ayudantes.",Enabled
CMD | Provincia de Buenos Aires,,,,,,,,Mar de Ajó,400,Enabled,,,,,,,,,,,,,,,,,,,,,,,,,,,
CMD | Provincia de Buenos Aires,,,,,,,,Mar de Ajó,,,mudanzas mar de ajo,Phrase,Enabled,,,,,,,,,,,,,,,,,,,,,,,,
CMD | Provincia de Buenos Aires,,,,,,,,Mar de Ajó,,,mudanzas mar de ajo,Exact,Enabled,,,,,,,,,,,,,,,,,,,,,,,,
CMD | Provincia de Buenos Aires,,,,,,,,Mar de Ajó,,,mudanzas en mar de ajo,Phrase,Enabled,,,,,,,,,,,,,,,,,,,,,,,,
CMD | Provincia de Buenos Aires,,,,,,,,Mar de Ajó,,,mudanzas en mar de ajo,Exact,Enabled,,,,,,,,,,,,,,,,,,,,,,,,
CMD | Provincia de Buenos Aires,,,,,,,,Mar de Ajó,,,empresa de mudanzas mar de ajo,Phrase,Enabled,,,,,,,,,,,,,,,,,,,,,,,,
CMD | Provincia de Buenos Aires,,,,,,,,Mar de Ajó,,,empresa de mudanzas mar de ajo,Exact,Enabled,,,,,,,,,,,,,,,,,,,,,,,,
CMD | Provincia de Buenos Aires,,,,,,,,Mar de Ajó,,,presupuesto mudanza mar de ajo,Phrase,Enabled,,,,,,,,,,,,,,,,,,,,,,,,
CMD | Provincia de Buenos Aires,,,,,,,,Mar de Ajó,,,presupuesto mudanza mar de ajo,Exact,Enabled,,,,,,,,,,,,,,,,,,,,,,,,
CMD | Provincia de Buenos Aires,,,,,,,,Mar de Ajó,,,fletes mar de ajo,Phrase,Enabled,,,,,,,,,,,,,,,,,,,,,,,,
CMD | Provincia de Buenos Aires,,,,,,,,Mar de Ajó,,,fletes mar de ajo,Exact,Enabled,,,,,,,,,,,,,,,,,,,,,,,,
CMD | Provincia de Buenos Aires,,,,,,,,Mar de Ajó,,,,,,Responsive search ad,https://www.cmdmudanzas.com/mudanzas-mar-de-ajo,mudanzas,,Mudanzas en Mar de Ajó,Mudanzas Mar de Ajó,Empresa de Mudanzas Mar de Ajó,Seguro Incluido Siempre,Camiones de 20 a 50 m³,Plataforma Hasta 1.200 kg,Cotizá Gratis Sin Cargo,Respuesta en 24 Horas,Embalaje y Desembalaje,Personal Capacitado,Consultá por WhatsApp,Presupuesto Sin Cargo,Cuidamos Tus Cosas,Carga y Descarga Incluida,Mudate Sin Estrés,"Mudanzas en Mar de Ajó con camiones propios, plataforma elevadora y seguro.","Camiones propios de 20 a 50 m³, plataforma elevadora y seguro incluido en cada viaje.",Cotizá tu mudanza sin cargo. Te respondemos en menos de 24 horas por WhatsApp.,"Mudanzas de casas, departamentos y oficinas. Embalaje, carga, descarga y ayudantes.",Enabled
CMD | Provincia de Buenos Aires,,,,,,,,Nueva Atlantis,400,Enabled,,,,,,,,,,,,,,,,,,,,,,,,,,,
CMD | Provincia de Buenos Aires,,,,,,,,Nueva Atlantis,,,mudanzas nueva atlantis,Phrase,Enabled,,,,,,,,,,,,,,,,,,,,,,,,
CMD | Provincia de Buenos Aires,,,,,,,,Nueva Atlantis,,,mudanzas nueva atlantis,Exact,Enabled,,,,,,,,,,,,,,,,,,,,,,,,
CMD | Provincia de Buenos Aires,,,,,,,,Nueva Atlantis,,,mudanzas en nueva atlantis,Phrase,Enabled,,,,,,,,,,,,,,,,,,,,,,,,
CMD | Provincia de Buenos Aires,,,,,,,,Nueva Atlantis,,,mudanzas en nueva atlantis,Exact,Enabled,,,,,,,,,,,,,,,,,,,,,,,,
CMD | Provincia de Buenos Aires,,,,,,,,Nueva Atlantis,,,empresa de mudanzas nueva atlantis,Phrase,Enabled,,,,,,,,,,,,,,,,,,,,,,,,
CMD | Provincia de Buenos Aires,,,,,,,,Nueva Atlantis,,,empresa de mudanzas nueva atlantis,Exact,Enabled,,,,,,,,,,,,,,,,,,,,,,,,
CMD | Provincia de Buenos Aires,,,,,,,,Nueva Atlantis,,,presupuesto mudanza nueva atlantis,Phrase,Enabled,,,,,,,,,,,,,,,,,,,,,,,,
CMD | Provincia de Buenos Aires,,,,,,,,Nueva Atlantis,,,presupuesto mudanza nueva atlantis,Exact,Enabled,,,,,,,,,,,,,,,,,,,,,,,,
CMD | Provincia de Buenos Aires,,,,,,,,Nueva Atlantis,,,fletes nueva atlantis,Phrase,Enabled,,,,,,,,,,,,,,,,,,,,,,,,
CMD | Provincia de Buenos Aires,,,,,,,,Nueva Atlantis,,,fletes nueva atlantis,Exact,Enabled,,,,,,,,,,,,,,,,,,,,,,,,
CMD | Provincia de Buenos Aires,,,,,,,,Nueva Atlantis,,,,,,Responsive search ad,https://www.cmdmudanzas.com/mudanzas-nueva-atlantis,mudanzas,,Mudanzas en Nueva Atlantis,Mudanzas Nueva Atlantis,Seguro Incluido Siempre,Camiones de 20 a 50 m³,Plataforma Hasta 1.200 kg,Cotizá Gratis Sin Cargo,Respuesta en 24 Horas,Embalaje y Desembalaje,Personal Capacitado,Consultá por WhatsApp,Presupuesto Sin Cargo,Cuidamos Tus Cosas,Carga y Descarga Incluida,Mudate Sin Estrés,,"Mudanzas en Nueva Atlantis con camiones propios, plataforma elevadora y seguro.","Camiones propios de 20 a 50 m³, plataforma elevadora y seguro incluido en cada viaje.",Cotizá tu mudanza sin cargo. Te respondemos en menos de 24 horas por WhatsApp.,"Mudanzas de casas, departamentos y oficinas. Embalaje, carga, descarga y ayudantes.",Enabled
CMD | Provincia de Buenos Aires,,,,,,,,Costa Azul,400,Enabled,,,,,,,,,,,,,,,,,,,,,,,,,,,
CMD | Provincia de Buenos Aires,,,,,,,,Costa Azul,,,mudanzas costa azul,Phrase,Enabled,,,,,,,,,,,,,,,,,,,,,,,,
CMD | Provincia de Buenos Aires,,,,,,,,Costa Azul,,,mudanzas costa azul,Exact,Enabled,,,,,,,,,,,,,,,,,,,,,,,,
CMD | Provincia de Buenos Aires,,,,,,,,Costa Azul,,,mudanzas en costa azul,Phrase,Enabled,,,,,,,,,,,,,,,,,,,,,,,,
CMD | Provincia de Buenos Aires,,,,,,,,Costa Azul,,,mudanzas en costa azul,Exact,Enabled,,,,,,,,,,,,,,,,,,,,,,,,
CMD | Provincia de Buenos Aires,,,,,,,,Costa Azul,,,empresa de mudanzas costa azul,Phrase,Enabled,,,,,,,,,,,,,,,,,,,,,,,,
CMD | Provincia de Buenos Aires,,,,,,,,Costa Azul,,,empresa de mudanzas costa azul,Exact,Enabled,,,,,,,,,,,,,,,,,,,,,,,,
CMD | Provincia de Buenos Aires,,,,,,,,Costa Azul,,,presupuesto mudanza costa azul,Phrase,Enabled,,,,,,,,,,,,,,,,,,,,,,,,
CMD | Provincia de Buenos Aires,,,,,,,,Costa Azul,,,presupuesto mudanza costa azul,Exact,Enabled,,,,,,,,,,,,,,,,,,,,,,,,
CMD | Provincia de Buenos Aires,,,,,,,,Costa Azul,,,fletes costa azul,Phrase,Enabled,,,,,,,,,,,,,,,,,,,,,,,,
CMD | Provincia de Buenos Aires,,,,,,,,Costa Azul,,,fletes costa azul,Exact,Enabled,,,,,,,,,,,,,,,,,,,,,,,,
CMD | Provincia de Buenos Aires,,,,,,,,Costa Azul,,,,,,Responsive search ad,https://www.cmdmudanzas.com/mudanzas-costa-azul,mudanzas,,Mudanzas en Costa Azul,Mudanzas Costa Azul,Empresa de Mudanzas Costa Azul,Seguro Incluido Siempre,Camiones de 20 a 50 m³,Plataforma Hasta 1.200 kg,Cotizá Gratis Sin Cargo,Respuesta en 24 Horas,Embalaje y Desembalaje,Personal Capacitado,Consultá por WhatsApp,Presupuesto Sin Cargo,Cuidamos Tus Cosas,Carga y Descarga Incluida,Mudate Sin Estrés,"Mudanzas en Costa Azul con camiones propios, plataforma elevadora y seguro.","Camiones propios de 20 a 50 m³, plataforma elevadora y seguro incluido en cada viaje.",Cotizá tu mudanza sin cargo. Te respondemos en menos de 24 horas por WhatsApp.,"Mudanzas de casas, departamentos y oficinas. Embalaje, carga, descarga y ayudantes.",Enabled
CMD | Provincia de Buenos Aires,,,,,,,,Tigre,400,Enabled,,,,,,,,,,,,,,,,,,,,,,,,,,,
CMD | Provincia de Buenos Aires,,,,,,,,Tigre,,,mudanzas tigre,Phrase,Enabled,,,,,,,,,,,,,,,,,,,,,,,,
CMD | Provincia de Buenos Aires,,,,,,,,Tigre,,,mudanzas tigre,Exact,Enabled,,,,,,,,,,,,,,,,,,,,,,,,
CMD | Provincia de Buenos Aires,,,,,,,,Tigre,,,mudanzas en tigre,Phrase,Enabled,,,,,,,,,,,,,,,,,,,,,,,,
CMD | Provincia de Buenos Aires,,,,,,,,Tigre,,,mudanzas en tigre,Exact,Enabled,,,,,,,,,,,,,,,,,,,,,,,,
CMD | Provincia de Buenos Aires,,,,,,,,Tigre,,,empresa de mudanzas tigre,Phrase,Enabled,,,,,,,,,,,,,,,,,,,,,,,,
CMD | Provincia de Buenos Aires,,,,,,,,Tigre,,,empresa de mudanzas tigre,Exact,Enabled,,,,,,,,,,,,,,,,,,,,,,,,
CMD | Provincia de Buenos Aires,,,,,,,,Tigre,,,presupuesto mudanza tigre,Phrase,Enabled,,,,,,,,,,,,,,,,,,,,,,,,
CMD | Provincia de Buenos Aires,,,,,,,,Tigre,,,presupuesto mudanza tigre,Exact,Enabled,,,,,,,,,,,,,,,,,,,,,,,,
CMD | Provincia de Buenos Aires,,,,,,,,Tigre,,,fletes tigre,Phrase,Enabled,,,,,,,,,,,,,,,,,,,,,,,,
CMD | Provincia de Buenos Aires,,,,,,,,Tigre,,,fletes tigre,Exact,Enabled,,,,,,,,,,,,,,,,,,,,,,,,
CMD | Provincia de Buenos Aires,,,,,,,,Tigre,,,,,,Responsive search ad,https://www.cmdmudanzas.com/mudanzas-tigre,mudanzas,,Mudanzas en Tigre,Mudanzas Tigre,Empresa de Mudanzas Tigre,Seguro Incluido Siempre,Camiones de 20 a 50 m³,Plataforma Hasta 1.200 kg,Cotizá Gratis Sin Cargo,Respuesta en 24 Horas,Embalaje y Desembalaje,Personal Capacitado,Consultá por WhatsApp,Presupuesto Sin Cargo,Cuidamos Tus Cosas,Carga y Descarga Incluida,Mudate Sin Estrés,"Mudanzas en Tigre con camiones propios, plataforma elevadora y seguro.","Camiones propios de 20 a 50 m³, plataforma elevadora y seguro incluido en cada viaje.",Cotizá tu mudanza sin cargo. Te respondemos en menos de 24 horas por WhatsApp.,"Mudanzas de casas, departamentos y oficinas. Embalaje, carga, descarga y ayudantes.",Enabled
CMD | Provincia de Buenos Aires,,,,,,,,San Isidro,400,Enabled,,,,,,,,,,,,,,,,,,,,,,,,,,,
CMD | Provincia de Buenos Aires,,,,,,,,San Isidro,,,mudanzas san isidro,Phrase,Enabled,,,,,,,,,,,,,,,,,,,,,,,,
CMD | Provincia de Buenos Aires,,,,,,,,San Isidro,,,mudanzas san isidro,Exact,Enabled,,,,,,,,,,,,,,,,,,,,,,,,
CMD | Provincia de Buenos Aires,,,,,,,,San Isidro,,,mudanzas en san isidro,Phrase,Enabled,,,,,,,,,,,,,,,,,,,,,,,,
CMD | Provincia de Buenos Aires,,,,,,,,San Isidro,,,mudanzas en san isidro,Exact,Enabled,,,,,,,,,,,,,,,,,,,,,,,,
CMD | Provincia de Buenos Aires,,,,,,,,San Isidro,,,empresa de mudanzas san isidro,Phrase,Enabled,,,,,,,,,,,,,,,,,,,,,,,,
CMD | Provincia de Buenos Aires,,,,,,,,San Isidro,,,empresa de mudanzas san isidro,Exact,Enabled,,,,,,,,,,,,,,,,,,,,,,,,
CMD | Provincia de Buenos Aires,,,,,,,,San Isidro,,,presupuesto mudanza san isidro,Phrase,Enabled,,,,,,,,,,,,,,,,,,,,,,,,
CMD | Provincia de Buenos Aires,,,,,,,,San Isidro,,,presupuesto mudanza san isidro,Exact,Enabled,,,,,,,,,,,,,,,,,,,,,,,,
CMD | Provincia de Buenos Aires,,,,,,,,San Isidro,,,fletes san isidro,Phrase,Enabled,,,,,,,,,,,,,,,,,,,,,,,,
CMD | Provincia de Buenos Aires,,,,,,,,San Isidro,,,fletes san isidro,Exact,Enabled,,,,,,,,,,,,,,,,,,,,,,,,
CMD | Provincia de Buenos Aires,,,,,,,,San Isidro,,,,,,Responsive search ad,https://www.cmdmudanzas.com/mudanzas-san-isidro,mudanzas,,Mudanzas en San Isidro,Mudanzas San Isidro,Empresa de Mudanzas San Isidro,Seguro Incluido Siempre,Camiones de 20 a 50 m³,Plataforma Hasta 1.200 kg,Cotizá Gratis Sin Cargo,Respuesta en 24 Horas,Embalaje y Desembalaje,Personal Capacitado,Consultá por WhatsApp,Presupuesto Sin Cargo,Cuidamos Tus Cosas,Carga y Descarga Incluida,Mudate Sin Estrés,"Mudanzas en San Isidro con camiones propios, plataforma elevadora y seguro.","Camiones propios de 20 a 50 m³, plataforma elevadora y seguro incluido en cada viaje.",Cotizá tu mudanza sin cargo. Te respondemos en menos de 24 horas por WhatsApp.,"Mudanzas de casas, departamentos y oficinas. Embalaje, carga, descarga y ayudantes.",Enabled
CMD | Provincia de Buenos Aires,,,,,,,,Vicente López,400,Enabled,,,,,,,,,,,,,,,,,,,,,,,,,,,
CMD | Provincia de Buenos Aires,,,,,,,,Vicente López,,,mudanzas vicente lopez,Phrase,Enabled,,,,,,,,,,,,,,,,,,,,,,,,
CMD | Provincia de Buenos Aires,,,,,,,,Vicente López,,,mudanzas vicente lopez,Exact,Enabled,,,,,,,,,,,,,,,,,,,,,,,,
CMD | Provincia de Buenos Aires,,,,,,,,Vicente López,,,mudanzas en vicente lopez,Phrase,Enabled,,,,,,,,,,,,,,,,,,,,,,,,
CMD | Provincia de Buenos Aires,,,,,,,,Vicente López,,,mudanzas en vicente lopez,Exact,Enabled,,,,,,,,,,,,,,,,,,,,,,,,
CMD | Provincia de Buenos Aires,,,,,,,,Vicente López,,,empresa de mudanzas vicente lopez,Phrase,Enabled,,,,,,,,,,,,,,,,,,,,,,,,
CMD | Provincia de Buenos Aires,,,,,,,,Vicente López,,,empresa de mudanzas vicente lopez,Exact,Enabled,,,,,,,,,,,,,,,,,,,,,,,,
CMD | Provincia de Buenos Aires,,,,,,,,Vicente López,,,presupuesto mudanza vicente lopez,Phrase,Enabled,,,,,,,,,,,,,,,,,,,,,,,,
CMD | Provincia de Buenos Aires,,,,,,,,Vicente López,,,presupuesto mudanza vicente lopez,Exact,Enabled,,,,,,,,,,,,,,,,,,,,,,,,
CMD | Provincia de Buenos Aires,,,,,,,,Vicente López,,,fletes vicente lopez,Phrase,Enabled,,,,,,,,,,,,,,,,,,,,,,,,
CMD | Provincia de Buenos Aires,,,,,,,,Vicente López,,,fletes vicente lopez,Exact,Enabled,,,,,,,,,,,,,,,,,,,,,,,,
CMD | Provincia de Buenos Aires,,,,,,,,Vicente López,,,,,,Responsive search ad,https://www.cmdmudanzas.com/mudanzas-vicente-lopez,mudanzas,,Mudanzas en Vicente López,Mudanzas Vicente López,Seguro Incluido Siempre,Camiones de 20 a 50 m³,Plataforma Hasta 1.200 kg,Cotizá Gratis Sin Cargo,Respuesta en 24 Horas,Embalaje y Desembalaje,Personal Capacitado,Consultá por WhatsApp,Presupuesto Sin Cargo,Cuidamos Tus Cosas,Carga y Descarga Incluida,Mudate Sin Estrés,,"Mudanzas en Vicente López con camiones propios, plataforma elevadora y seguro.","Camiones propios de 20 a 50 m³, plataforma elevadora y seguro incluido en cada viaje.",Cotizá tu mudanza sin cargo. Te respondemos en menos de 24 horas por WhatsApp.,"Mudanzas de casas, departamentos y oficinas. Embalaje, carga, descarga y ayudantes.",Enabled
CMD | Provincia de Buenos Aires,,,,,,,,Pilar,400,Enabled,,,,,,,,,,,,,,,,,,,,,,,,,,,
CMD | Provincia de Buenos Aires,,,,,,,,Pilar,,,mudanzas pilar,Phrase,Enabled,,,,,,,,,,,,,,,,,,,,,,,,
CMD | Provincia de Buenos Aires,,,,,,,,Pilar,,,mudanzas pilar,Exact,Enabled,,,,,,,,,,,,,,,,,,,,,,,,
CMD | Provincia de Buenos Aires,,,,,,,,Pilar,,,mudanzas en pilar,Phrase,Enabled,,,,,,,,,,,,,,,,,,,,,,,,
CMD | Provincia de Buenos Aires,,,,,,,,Pilar,,,mudanzas en pilar,Exact,Enabled,,,,,,,,,,,,,,,,,,,,,,,,
CMD | Provincia de Buenos Aires,,,,,,,,Pilar,,,empresa de mudanzas pilar,Phrase,Enabled,,,,,,,,,,,,,,,,,,,,,,,,
CMD | Provincia de Buenos Aires,,,,,,,,Pilar,,,empresa de mudanzas pilar,Exact,Enabled,,,,,,,,,,,,,,,,,,,,,,,,
CMD | Provincia de Buenos Aires,,,,,,,,Pilar,,,presupuesto mudanza pilar,Phrase,Enabled,,,,,,,,,,,,,,,,,,,,,,,,
CMD | Provincia de Buenos Aires,,,,,,,,Pilar,,,presupuesto mudanza pilar,Exact,Enabled,,,,,,,,,,,,,,,,,,,,,,,,
CMD | Provincia de Buenos Aires,,,,,,,,Pilar,,,fletes pilar,Phrase,Enabled,,,,,,,,,,,,,,,,,,,,,,,,
CMD | Provincia de Buenos Aires,,,,,,,,Pilar,,,fletes pilar,Exact,Enabled,,,,,,,,,,,,,,,,,,,,,,,,
CMD | Provincia de Buenos Aires,,,,,,,,Pilar,,,,,,Responsive search ad,https://www.cmdmudanzas.com/mudanzas-pilar,mudanzas,,Mudanzas en Pilar,Mudanzas Pilar,Empresa de Mudanzas Pilar,Seguro Incluido Siempre,Camiones de 20 a 50 m³,Plataforma Hasta 1.200 kg,Cotizá Gratis Sin Cargo,Respuesta en 24 Horas,Embalaje y Desembalaje,Personal Capacitado,Consultá por WhatsApp,Presupuesto Sin Cargo,Cuidamos Tus Cosas,Carga y Descarga Incluida,Mudate Sin Estrés,"Mudanzas en Pilar con camiones propios, plataforma elevadora y seguro.","Camiones propios de 20 a 50 m³, plataforma elevadora y seguro incluido en cada viaje.",Cotizá tu mudanza sin cargo. Te respondemos en menos de 24 horas por WhatsApp.,"Mudanzas de casas, departamentos y oficinas. Embalaje, carga, descarga y ayudantes.",Enabled
CMD | Provincia de Buenos Aires,,,,,,,,San Fernando,400,Enabled,,,,,,,,,,,,,,,,,,,,,,,,,,,
CMD | Provincia de Buenos Aires,,,,,,,,San Fernando,,,mudanzas san fernando,Phrase,Enabled,,,,,,,,,,,,,,,,,,,,,,,,
CMD | Provincia de Buenos Aires,,,,,,,,San Fernando,,,mudanzas san fernando,Exact,Enabled,,,,,,,,,,,,,,,,,,,,,,,,
CMD | Provincia de Buenos Aires,,,,,,,,San Fernando,,,mudanzas en san fernando,Phrase,Enabled,,,,,,,,,,,,,,,,,,,,,,,,
CMD | Provincia de Buenos Aires,,,,,,,,San Fernando,,,mudanzas en san fernando,Exact,Enabled,,,,,,,,,,,,,,,,,,,,,,,,
CMD | Provincia de Buenos Aires,,,,,,,,San Fernando,,,empresa de mudanzas san fernando,Phrase,Enabled,,,,,,,,,,,,,,,,,,,,,,,,
CMD | Provincia de Buenos Aires,,,,,,,,San Fernando,,,empresa de mudanzas san fernando,Exact,Enabled,,,,,,,,,,,,,,,,,,,,,,,,
CMD | Provincia de Buenos Aires,,,,,,,,San Fernando,,,presupuesto mudanza san fernando,Phrase,Enabled,,,,,,,,,,,,,,,,,,,,,,,,
CMD | Provincia de Buenos Aires,,,,,,,,San Fernando,,,presupuesto mudanza san fernando,Exact,Enabled,,,,,,,,,,,,,,,,,,,,,,,,
CMD | Provincia de Buenos Aires,,,,,,,,San Fernando,,,fletes san fernando,Phrase,Enabled,,,,,,,,,,,,,,,,,,,,,,,,
CMD | Provincia de Buenos Aires,,,,,,,,San Fernando,,,fletes san fernando,Exact,Enabled,,,,,,,,,,,,,,,,,,,,,,,,
CMD | Provincia de Buenos Aires,,,,,,,,San Fernando,,,,,,Responsive search ad,https://www.cmdmudanzas.com/mudanzas-san-fernando,mudanzas,,Mudanzas en San Fernando,Mudanzas San Fernando,Seguro Incluido Siempre,Camiones de 20 a 50 m³,Plataforma Hasta 1.200 kg,Cotizá Gratis Sin Cargo,Respuesta en 24 Horas,Embalaje y Desembalaje,Personal Capacitado,Consultá por WhatsApp,Presupuesto Sin Cargo,Cuidamos Tus Cosas,Carga y Descarga Incluida,Mudate Sin Estrés,,"Mudanzas en San Fernando con camiones propios, plataforma elevadora y seguro.","Camiones propios de 20 a 50 m³, plataforma elevadora y seguro incluido en cada viaje.",Cotizá tu mudanza sin cargo. Te respondemos en menos de 24 horas por WhatsApp.,"Mudanzas de casas, departamentos y oficinas. Embalaje, carga, descarga y ayudantes.",Enabled
CMD | Provincia de Buenos Aires,,,,,,,,Escobar,400,Enabled,,,,,,,,,,,,,,,,,,,,,,,,,,,
CMD | Provincia de Buenos Aires,,,,,,,,Escobar,,,mudanzas escobar,Phrase,Enabled,,,,,,,,,,,,,,,,,,,,,,,,
CMD | Provincia de Buenos Aires,,,,,,,,Escobar,,,mudanzas escobar,Exact,Enabled,,,,,,,,,,,,,,,,,,,,,,,,
CMD | Provincia de Buenos Aires,,,,,,,,Escobar,,,mudanzas en escobar,Phrase,Enabled,,,,,,,,,,,,,,,,,,,,,,,,
CMD | Provincia de Buenos Aires,,,,,,,,Escobar,,,mudanzas en escobar,Exact,Enabled,,,,,,,,,,,,,,,,,,,,,,,,
CMD | Provincia de Buenos Aires,,,,,,,,Escobar,,,empresa de mudanzas escobar,Phrase,Enabled,,,,,,,,,,,,,,,,,,,,,,,,
CMD | Provincia de Buenos Aires,,,,,,,,Escobar,,,empresa de mudanzas escobar,Exact,Enabled,,,,,,,,,,,,,,,,,,,,,,,,
CMD | Provincia de Buenos Aires,,,,,,,,Escobar,,,presupuesto mudanza escobar,Phrase,Enabled,,,,,,,,,,,,,,,,,,,,,,,,
CMD | Provincia de Buenos Aires,,,,,,,,Escobar,,,presupuesto mudanza escobar,Exact,Enabled,,,,,,,,,,,,,,,,,,,,,,,,
CMD | Provincia de Buenos Aires,,,,,,,,Escobar,,,fletes escobar,Phrase,Enabled,,,,,,,,,,,,,,,,,,,,,,,,
CMD | Provincia de Buenos Aires,,,,,,,,Escobar,,,fletes escobar,Exact,Enabled,,,,,,,,,,,,,,,,,,,,,,,,
CMD | Provincia de Buenos Aires,,,,,,,,Escobar,,,,,,Responsive search ad,https://www.cmdmudanzas.com/mudanzas-escobar,mudanzas,,Mudanzas en Escobar,Mudanzas Escobar,Empresa de Mudanzas Escobar,Seguro Incluido Siempre,Camiones de 20 a 50 m³,Plataforma Hasta 1.200 kg,Cotizá Gratis Sin Cargo,Respuesta en 24 Horas,Embalaje y Desembalaje,Personal Capacitado,Consultá por WhatsApp,Presupuesto Sin Cargo,Cuidamos Tus Cosas,Carga y Descarga Incluida,Mudate Sin Estrés,"Mudanzas en Escobar con camiones propios, plataforma elevadora y seguro.","Camiones propios de 20 a 50 m³, plataforma elevadora y seguro incluido en cada viaje.",Cotizá tu mudanza sin cargo. Te respondemos en menos de 24 horas por WhatsApp.,"Mudanzas de casas, departamentos y oficinas. Embalaje, carga, descarga y ayudantes.",Enabled
CMD | Provincia de Buenos Aires,,,,,,,,Campana,400,Enabled,,,,,,,,,,,,,,,,,,,,,,,,,,,
CMD | Provincia de Buenos Aires,,,,,,,,Campana,,,mudanzas campana,Phrase,Enabled,,,,,,,,,,,,,,,,,,,,,,,,
CMD | Provincia de Buenos Aires,,,,,,,,Campana,,,mudanzas campana,Exact,Enabled,,,,,,,,,,,,,,,,,,,,,,,,
CMD | Provincia de Buenos Aires,,,,,,,,Campana,,,mudanzas en campana,Phrase,Enabled,,,,,,,,,,,,,,,,,,,,,,,,
CMD | Provincia de Buenos Aires,,,,,,,,Campana,,,mudanzas en campana,Exact,Enabled,,,,,,,,,,,,,,,,,,,,,,,,
CMD | Provincia de Buenos Aires,,,,,,,,Campana,,,empresa de mudanzas campana,Phrase,Enabled,,,,,,,,,,,,,,,,,,,,,,,,
CMD | Provincia de Buenos Aires,,,,,,,,Campana,,,empresa de mudanzas campana,Exact,Enabled,,,,,,,,,,,,,,,,,,,,,,,,
CMD | Provincia de Buenos Aires,,,,,,,,Campana,,,presupuesto mudanza campana,Phrase,Enabled,,,,,,,,,,,,,,,,,,,,,,,,
CMD | Provincia de Buenos Aires,,,,,,,,Campana,,,presupuesto mudanza campana,Exact,Enabled,,,,,,,,,,,,,,,,,,,,,,,,
CMD | Provincia de Buenos Aires,,,,,,,,Campana,,,fletes campana,Phrase,Enabled,,,,,,,,,,,,,,,,,,,,,,,,
CMD | Provincia de Buenos Aires,,,,,,,,Campana,,,fletes campana,Exact,Enabled,,,,,,,,,,,,,,,,,,,,,,,,
CMD | Provincia de Buenos Aires,,,,,,,,Campana,,,,,,Responsive search ad,https://www.cmdmudanzas.com/mudanzas-campana,mudanzas,,Mudanzas en Campana,Mudanzas Campana,Empresa de Mudanzas Campana,Seguro Incluido Siempre,Camiones de 20 a 50 m³,Plataforma Hasta 1.200 kg,Cotizá Gratis Sin Cargo,Respuesta en 24 Horas,Embalaje y Desembalaje,Personal Capacitado,Consultá por WhatsApp,Presupuesto Sin Cargo,Cuidamos Tus Cosas,Carga y Descarga Incluida,Mudate Sin Estrés,"Mudanzas en Campana con camiones propios, plataforma elevadora y seguro.","Camiones propios de 20 a 50 m³, plataforma elevadora y seguro incluido en cada viaje.",Cotizá tu mudanza sin cargo. Te respondemos en menos de 24 horas por WhatsApp.,"Mudanzas de casas, departamentos y oficinas. Embalaje, carga, descarga y ayudantes.",Enabled
CMD | Provincia de Buenos Aires,,,,,,,,Zárate,400,Enabled,,,,,,,,,,,,,,,,,,,,,,,,,,,
CMD | Provincia de Buenos Aires,,,,,,,,Zárate,,,mudanzas zarate,Phrase,Enabled,,,,,,,,,,,,,,,,,,,,,,,,
CMD | Provincia de Buenos Aires,,,,,,,,Zárate,,,mudanzas zarate,Exact,Enabled,,,,,,,,,,,,,,,,,,,,,,,,
CMD | Provincia de Buenos Aires,,,,,,,,Zárate,,,mudanzas en zarate,Phrase,Enabled,,,,,,,,,,,,,,,,,,,,,,,,
CMD | Provincia de Buenos Aires,,,,,,,,Zárate,,,mudanzas en zarate,Exact,Enabled,,,,,,,,,,,,,,,,,,,,,,,,
CMD | Provincia de Buenos Aires,,,,,,,,Zárate,,,empresa de mudanzas zarate,Phrase,Enabled,,,,,,,,,,,,,,,,,,,,,,,,
CMD | Provincia de Buenos Aires,,,,,,,,Zárate,,,empresa de mudanzas zarate,Exact,Enabled,,,,,,,,,,,,,,,,,,,,,,,,
CMD | Provincia de Buenos Aires,,,,,,,,Zárate,,,presupuesto mudanza zarate,Phrase,Enabled,,,,,,,,,,,,,,,,,,,,,,,,
CMD | Provincia de Buenos Aires,,,,,,,,Zárate,,,presupuesto mudanza zarate,Exact,Enabled,,,,,,,,,,,,,,,,,,,,,,,,
CMD | Provincia de Buenos Aires,,,,,,,,Zárate,,,fletes zarate,Phrase,Enabled,,,,,,,,,,,,,,,,,,,,,,,,
CMD | Provincia de Buenos Aires,,,,,,,,Zárate,,,fletes zarate,Exact,Enabled,,,,,,,,,,,,,,,,,,,,,,,,
CMD | Provincia de Buenos Aires,,,,,,,,Zárate,,,,,,Responsive search ad,https://www.cmdmudanzas.com/mudanzas-zarate,mudanzas,,Mudanzas en Zárate,Mudanzas Zárate,Empresa de Mudanzas Zárate,Seguro Incluido Siempre,Camiones de 20 a 50 m³,Plataforma Hasta 1.200 kg,Cotizá Gratis Sin Cargo,Respuesta en 24 Horas,Embalaje y Desembalaje,Personal Capacitado,Consultá por WhatsApp,Presupuesto Sin Cargo,Cuidamos Tus Cosas,Carga y Descarga Incluida,Mudate Sin Estrés,"Mudanzas en Zárate con camiones propios, plataforma elevadora y seguro.","Camiones propios de 20 a 50 m³, plataforma elevadora y seguro incluido en cada viaje.",Cotizá tu mudanza sin cargo. Te respondemos en menos de 24 horas por WhatsApp.,"Mudanzas de casas, departamentos y oficinas. Embalaje, carga, descarga y ayudantes.",Enabled
CMD | Provincia de Buenos Aires,,,,,,,,San Martín,400,Enabled,,,,,,,,,,,,,,,,,,,,,,,,,,,
CMD | Provincia de Buenos Aires,,,,,,,,San Martín,,,mudanzas san martin,Phrase,Enabled,,,,,,,,,,,,,,,,,,,,,,,,
CMD | Provincia de Buenos Aires,,,,,,,,San Martín,,,mudanzas san martin,Exact,Enabled,,,,,,,,,,,,,,,,,,,,,,,,
CMD | Provincia de Buenos Aires,,,,,,,,San Martín,,,mudanzas en san martin,Phrase,Enabled,,,,,,,,,,,,,,,,,,,,,,,,
CMD | Provincia de Buenos Aires,,,,,,,,San Martín,,,mudanzas en san martin,Exact,Enabled,,,,,,,,,,,,,,,,,,,,,,,,
CMD | Provincia de Buenos Aires,,,,,,,,San Martín,,,empresa de mudanzas san martin,Phrase,Enabled,,,,,,,,,,,,,,,,,,,,,,,,
CMD | Provincia de Buenos Aires,,,,,,,,San Martín,,,empresa de mudanzas san martin,Exact,Enabled,,,,,,,,,,,,,,,,,,,,,,,,
CMD | Provincia de Buenos Aires,,,,,,,,San Martín,,,presupuesto mudanza san martin,Phrase,Enabled,,,,,,,,,,,,,,,,,,,,,,,,
CMD | Provincia de Buenos Aires,,,,,,,,San Martín,,,presupuesto mudanza san martin,Exact,Enabled,,,,,,,,,,,,,,,,,,,,,,,,
CMD | Provincia de Buenos Aires,,,,,,,,San Martín,,,fletes san martin,Phrase,Enabled,,,,,,,,,,,,,,,,,,,,,,,,
CMD | Provincia de Buenos Aires,,,,,,,,San Martín,,,fletes san martin,Exact,Enabled,,,,,,,,,,,,,,,,,,,,,,,,
CMD | Provincia de Buenos Aires,,,,,,,,San Martín,,,,,,Responsive search ad,https://www.cmdmudanzas.com/mudanzas-san-martin-gba,mudanzas,,Mudanzas en San Martín,Mudanzas San Martín,Empresa de Mudanzas San Martín,Seguro Incluido Siempre,Camiones de 20 a 50 m³,Plataforma Hasta 1.200 kg,Cotizá Gratis Sin Cargo,Respuesta en 24 Horas,Embalaje y Desembalaje,Personal Capacitado,Consultá por WhatsApp,Presupuesto Sin Cargo,Cuidamos Tus Cosas,Carga y Descarga Incluida,Mudate Sin Estrés,"Mudanzas en San Martín con camiones propios, plataforma elevadora y seguro.","Camiones propios de 20 a 50 m³, plataforma elevadora y seguro incluido en cada viaje.",Cotizá tu mudanza sin cargo. Te respondemos en menos de 24 horas por WhatsApp.,"Mudanzas de casas, departamentos y oficinas. Embalaje, carga, descarga y ayudantes.",Enabled
CMD | Provincia de Buenos Aires,,,,,,,,Tres de Febrero,400,Enabled,,,,,,,,,,,,,,,,,,,,,,,,,,,
CMD | Provincia de Buenos Aires,,,,,,,,Tres de Febrero,,,mudanzas tres de febrero,Phrase,Enabled,,,,,,,,,,,,,,,,,,,,,,,,
CMD | Provincia de Buenos Aires,,,,,,,,Tres de Febrero,,,mudanzas tres de febrero,Exact,Enabled,,,,,,,,,,,,,,,,,,,,,,,,
CMD | Provincia de Buenos Aires,,,,,,,,Tres de Febrero,,,mudanzas en tres de febrero,Phrase,Enabled,,,,,,,,,,,,,,,,,,,,,,,,
CMD | Provincia de Buenos Aires,,,,,,,,Tres de Febrero,,,mudanzas en tres de febrero,Exact,Enabled,,,,,,,,,,,,,,,,,,,,,,,,
CMD | Provincia de Buenos Aires,,,,,,,,Tres de Febrero,,,empresa de mudanzas tres de febrero,Phrase,Enabled,,,,,,,,,,,,,,,,,,,,,,,,
CMD | Provincia de Buenos Aires,,,,,,,,Tres de Febrero,,,empresa de mudanzas tres de febrero,Exact,Enabled,,,,,,,,,,,,,,,,,,,,,,,,
CMD | Provincia de Buenos Aires,,,,,,,,Tres de Febrero,,,presupuesto mudanza tres de febrero,Phrase,Enabled,,,,,,,,,,,,,,,,,,,,,,,,
CMD | Provincia de Buenos Aires,,,,,,,,Tres de Febrero,,,presupuesto mudanza tres de febrero,Exact,Enabled,,,,,,,,,,,,,,,,,,,,,,,,
CMD | Provincia de Buenos Aires,,,,,,,,Tres de Febrero,,,fletes tres de febrero,Phrase,Enabled,,,,,,,,,,,,,,,,,,,,,,,,
CMD | Provincia de Buenos Aires,,,,,,,,Tres de Febrero,,,fletes tres de febrero,Exact,Enabled,,,,,,,,,,,,,,,,,,,,,,,,
CMD | Provincia de Buenos Aires,,,,,,,,Tres de Febrero,,,,,,Responsive search ad,https://www.cmdmudanzas.com/mudanzas-tres-de-febrero,mudanzas,,Mudanzas en Tres de Febrero,Mudanzas Tres de Febrero,Seguro Incluido Siempre,Camiones de 20 a 50 m³,Plataforma Hasta 1.200 kg,Cotizá Gratis Sin Cargo,Respuesta en 24 Horas,Embalaje y Desembalaje,Personal Capacitado,Consultá por WhatsApp,Presupuesto Sin Cargo,Cuidamos Tus Cosas,Carga y Descarga Incluida,Mudate Sin Estrés,,"Mudanzas en Tres de Febrero con camiones propios, plataforma elevadora y seguro.","Camiones propios de 20 a 50 m³, plataforma elevadora y seguro incluido en cada viaje.",Cotizá tu mudanza sin cargo. Te respondemos en menos de 24 horas por WhatsApp.,"Mudanzas de casas, departamentos y oficinas. Embalaje, carga, descarga y ayudantes.",Enabled
CMD | Provincia de Buenos Aires,,,,,,,,Morón,400,Enabled,,,,,,,,,,,,,,,,,,,,,,,,,,,
CMD | Provincia de Buenos Aires,,,,,,,,Morón,,,mudanzas moron,Phrase,Enabled,,,,,,,,,,,,,,,,,,,,,,,,
CMD | Provincia de Buenos Aires,,,,,,,,Morón,,,mudanzas moron,Exact,Enabled,,,,,,,,,,,,,,,,,,,,,,,,
CMD | Provincia de Buenos Aires,,,,,,,,Morón,,,mudanzas en moron,Phrase,Enabled,,,,,,,,,,,,,,,,,,,,,,,,
CMD | Provincia de Buenos Aires,,,,,,,,Morón,,,mudanzas en moron,Exact,Enabled,,,,,,,,,,,,,,,,,,,,,,,,
CMD | Provincia de Buenos Aires,,,,,,,,Morón,,,empresa de mudanzas moron,Phrase,Enabled,,,,,,,,,,,,,,,,,,,,,,,,
CMD | Provincia de Buenos Aires,,,,,,,,Morón,,,empresa de mudanzas moron,Exact,Enabled,,,,,,,,,,,,,,,,,,,,,,,,
CMD | Provincia de Buenos Aires,,,,,,,,Morón,,,presupuesto mudanza moron,Phrase,Enabled,,,,,,,,,,,,,,,,,,,,,,,,
CMD | Provincia de Buenos Aires,,,,,,,,Morón,,,presupuesto mudanza moron,Exact,Enabled,,,,,,,,,,,,,,,,,,,,,,,,
CMD | Provincia de Buenos Aires,,,,,,,,Morón,,,fletes moron,Phrase,Enabled,,,,,,,,,,,,,,,,,,,,,,,,
CMD | Provincia de Buenos Aires,,,,,,,,Morón,,,fletes moron,Exact,Enabled,,,,,,,,,,,,,,,,,,,,,,,,
CMD | Provincia de Buenos Aires,,,,,,,,Morón,,,,,,Responsive search ad,https://www.cmdmudanzas.com/mudanzas-moron,mudanzas,,Mudanzas en Morón,Mudanzas Morón,Empresa de Mudanzas Morón,Seguro Incluido Siempre,Camiones de 20 a 50 m³,Plataforma Hasta 1.200 kg,Cotizá Gratis Sin Cargo,Respuesta en 24 Horas,Embalaje y Desembalaje,Personal Capacitado,Consultá por WhatsApp,Presupuesto Sin Cargo,Cuidamos Tus Cosas,Carga y Descarga Incluida,Mudate Sin Estrés,"Mudanzas en Morón con camiones propios, plataforma elevadora y seguro.","Camiones propios de 20 a 50 m³, plataforma elevadora y seguro incluido en cada viaje.",Cotizá tu mudanza sin cargo. Te respondemos en menos de 24 horas por WhatsApp.,"Mudanzas de casas, departamentos y oficinas. Embalaje, carga, descarga y ayudantes.",Enabled
CMD | Provincia de Buenos Aires,,,,,,,,Ramos Mejía,400,Enabled,,,,,,,,,,,,,,,,,,,,,,,,,,,
CMD | Provincia de Buenos Aires,,,,,,,,Ramos Mejía,,,mudanzas ramos mejia,Phrase,Enabled,,,,,,,,,,,,,,,,,,,,,,,,
CMD | Provincia de Buenos Aires,,,,,,,,Ramos Mejía,,,mudanzas ramos mejia,Exact,Enabled,,,,,,,,,,,,,,,,,,,,,,,,
CMD | Provincia de Buenos Aires,,,,,,,,Ramos Mejía,,,mudanzas en ramos mejia,Phrase,Enabled,,,,,,,,,,,,,,,,,,,,,,,,
CMD | Provincia de Buenos Aires,,,,,,,,Ramos Mejía,,,mudanzas en ramos mejia,Exact,Enabled,,,,,,,,,,,,,,,,,,,,,,,,
CMD | Provincia de Buenos Aires,,,,,,,,Ramos Mejía,,,empresa de mudanzas ramos mejia,Phrase,Enabled,,,,,,,,,,,,,,,,,,,,,,,,
CMD | Provincia de Buenos Aires,,,,,,,,Ramos Mejía,,,empresa de mudanzas ramos mejia,Exact,Enabled,,,,,,,,,,,,,,,,,,,,,,,,
CMD | Provincia de Buenos Aires,,,,,,,,Ramos Mejía,,,presupuesto mudanza ramos mejia,Phrase,Enabled,,,,,,,,,,,,,,,,,,,,,,,,
CMD | Provincia de Buenos Aires,,,,,,,,Ramos Mejía,,,presupuesto mudanza ramos mejia,Exact,Enabled,,,,,,,,,,,,,,,,,,,,,,,,
CMD | Provincia de Buenos Aires,,,,,,,,Ramos Mejía,,,fletes ramos mejia,Phrase,Enabled,,,,,,,,,,,,,,,,,,,,,,,,
CMD | Provincia de Buenos Aires,,,,,,,,Ramos Mejía,,,fletes ramos mejia,Exact,Enabled,,,,,,,,,,,,,,,,,,,,,,,,
CMD | Provincia de Buenos Aires,,,,,,,,Ramos Mejía,,,,,,Responsive search ad,https://www.cmdmudanzas.com/mudanzas-ramos-mejia,mudanzas,,Mudanzas en Ramos Mejía,Mudanzas Ramos Mejía,Seguro Incluido Siempre,Camiones de 20 a 50 m³,Plataforma Hasta 1.200 kg,Cotizá Gratis Sin Cargo,Respuesta en 24 Horas,Embalaje y Desembalaje,Personal Capacitado,Consultá por WhatsApp,Presupuesto Sin Cargo,Cuidamos Tus Cosas,Carga y Descarga Incluida,Mudate Sin Estrés,,"Mudanzas en Ramos Mejía con camiones propios, plataforma elevadora y seguro.","Camiones propios de 20 a 50 m³, plataforma elevadora y seguro incluido en cada viaje.",Cotizá tu mudanza sin cargo. Te respondemos en menos de 24 horas por WhatsApp.,"Mudanzas de casas, departamentos y oficinas. Embalaje, carga, descarga y ayudantes.",Enabled
CMD | Provincia de Buenos Aires,,,,,,,,Haedo,400,Enabled,,,,,,,,,,,,,,,,,,,,,,,,,,,
CMD | Provincia de Buenos Aires,,,,,,,,Haedo,,,mudanzas haedo,Phrase,Enabled,,,,,,,,,,,,,,,,,,,,,,,,
CMD | Provincia de Buenos Aires,,,,,,,,Haedo,,,mudanzas haedo,Exact,Enabled,,,,,,,,,,,,,,,,,,,,,,,,
CMD | Provincia de Buenos Aires,,,,,,,,Haedo,,,mudanzas en haedo,Phrase,Enabled,,,,,,,,,,,,,,,,,,,,,,,,
CMD | Provincia de Buenos Aires,,,,,,,,Haedo,,,mudanzas en haedo,Exact,Enabled,,,,,,,,,,,,,,,,,,,,,,,,
CMD | Provincia de Buenos Aires,,,,,,,,Haedo,,,empresa de mudanzas haedo,Phrase,Enabled,,,,,,,,,,,,,,,,,,,,,,,,
CMD | Provincia de Buenos Aires,,,,,,,,Haedo,,,empresa de mudanzas haedo,Exact,Enabled,,,,,,,,,,,,,,,,,,,,,,,,
CMD | Provincia de Buenos Aires,,,,,,,,Haedo,,,presupuesto mudanza haedo,Phrase,Enabled,,,,,,,,,,,,,,,,,,,,,,,,
CMD | Provincia de Buenos Aires,,,,,,,,Haedo,,,presupuesto mudanza haedo,Exact,Enabled,,,,,,,,,,,,,,,,,,,,,,,,
CMD | Provincia de Buenos Aires,,,,,,,,Haedo,,,fletes haedo,Phrase,Enabled,,,,,,,,,,,,,,,,,,,,,,,,
CMD | Provincia de Buenos Aires,,,,,,,,Haedo,,,fletes haedo,Exact,Enabled,,,,,,,,,,,,,,,,,,,,,,,,
CMD | Provincia de Buenos Aires,,,,,,,,Haedo,,,,,,Responsive search ad,https://www.cmdmudanzas.com/mudanzas-haedo,mudanzas,,Mudanzas en Haedo,Mudanzas Haedo,Empresa de Mudanzas Haedo,Seguro Incluido Siempre,Camiones de 20 a 50 m³,Plataforma Hasta 1.200 kg,Cotizá Gratis Sin Cargo,Respuesta en 24 Horas,Embalaje y Desembalaje,Personal Capacitado,Consultá por WhatsApp,Presupuesto Sin Cargo,Cuidamos Tus Cosas,Carga y Descarga Incluida,Mudate Sin Estrés,"Mudanzas en Haedo con camiones propios, plataforma elevadora y seguro.","Camiones propios de 20 a 50 m³, plataforma elevadora y seguro incluido en cada viaje.",Cotizá tu mudanza sin cargo. Te respondemos en menos de 24 horas por WhatsApp.,"Mudanzas de casas, departamentos y oficinas. Embalaje, carga, descarga y ayudantes.",Enabled
CMD | Provincia de Buenos Aires,,,,,,,,Castelar,400,Enabled,,,,,,,,,,,,,,,,,,,,,,,,,,,
CMD | Provincia de Buenos Aires,,,,,,,,Castelar,,,mudanzas castelar,Phrase,Enabled,,,,,,,,,,,,,,,,,,,,,,,,
CMD | Provincia de Buenos Aires,,,,,,,,Castelar,,,mudanzas castelar,Exact,Enabled,,,,,,,,,,,,,,,,,,,,,,,,
CMD | Provincia de Buenos Aires,,,,,,,,Castelar,,,mudanzas en castelar,Phrase,Enabled,,,,,,,,,,,,,,,,,,,,,,,,
CMD | Provincia de Buenos Aires,,,,,,,,Castelar,,,mudanzas en castelar,Exact,Enabled,,,,,,,,,,,,,,,,,,,,,,,,
CMD | Provincia de Buenos Aires,,,,,,,,Castelar,,,empresa de mudanzas castelar,Phrase,Enabled,,,,,,,,,,,,,,,,,,,,,,,,
CMD | Provincia de Buenos Aires,,,,,,,,Castelar,,,empresa de mudanzas castelar,Exact,Enabled,,,,,,,,,,,,,,,,,,,,,,,,
CMD | Provincia de Buenos Aires,,,,,,,,Castelar,,,presupuesto mudanza castelar,Phrase,Enabled,,,,,,,,,,,,,,,,,,,,,,,,
CMD | Provincia de Buenos Aires,,,,,,,,Castelar,,,presupuesto mudanza castelar,Exact,Enabled,,,,,,,,,,,,,,,,,,,,,,,,
CMD | Provincia de Buenos Aires,,,,,,,,Castelar,,,fletes castelar,Phrase,Enabled,,,,,,,,,,,,,,,,,,,,,,,,
CMD | Provincia de Buenos Aires,,,,,,,,Castelar,,,fletes castelar,Exact,Enabled,,,,,,,,,,,,,,,,,,,,,,,,
CMD | Provincia de Buenos Aires,,,,,,,,Castelar,,,,,,Responsive search ad,https://www.cmdmudanzas.com/mudanzas-castelar,mudanzas,,Mudanzas en Castelar,Mudanzas Castelar,Empresa de Mudanzas Castelar,Seguro Incluido Siempre,Camiones de 20 a 50 m³,Plataforma Hasta 1.200 kg,Cotizá Gratis Sin Cargo,Respuesta en 24 Horas,Embalaje y Desembalaje,Personal Capacitado,Consultá por WhatsApp,Presupuesto Sin Cargo,Cuidamos Tus Cosas,Carga y Descarga Incluida,Mudate Sin Estrés,"Mudanzas en Castelar con camiones propios, plataforma elevadora y seguro.","Camiones propios de 20 a 50 m³, plataforma elevadora y seguro incluido en cada viaje.",Cotizá tu mudanza sin cargo. Te respondemos en menos de 24 horas por WhatsApp.,"Mudanzas de casas, departamentos y oficinas. Embalaje, carga, descarga y ayudantes.",Enabled
CMD | Provincia de Buenos Aires,,,,,,,,Ituzaingó,400,Enabled,,,,,,,,,,,,,,,,,,,,,,,,,,,
CMD | Provincia de Buenos Aires,,,,,,,,Ituzaingó,,,mudanzas ituzaingo,Phrase,Enabled,,,,,,,,,,,,,,,,,,,,,,,,
CMD | Provincia de Buenos Aires,,,,,,,,Ituzaingó,,,mudanzas ituzaingo,Exact,Enabled,,,,,,,,,,,,,,,,,,,,,,,,
CMD | Provincia de Buenos Aires,,,,,,,,Ituzaingó,,,mudanzas en ituzaingo,Phrase,Enabled,,,,,,,,,,,,,,,,,,,,,,,,
CMD | Provincia de Buenos Aires,,,,,,,,Ituzaingó,,,mudanzas en ituzaingo,Exact,Enabled,,,,,,,,,,,,,,,,,,,,,,,,
CMD | Provincia de Buenos Aires,,,,,,,,Ituzaingó,,,empresa de mudanzas ituzaingo,Phrase,Enabled,,,,,,,,,,,,,,,,,,,,,,,,
CMD | Provincia de Buenos Aires,,,,,,,,Ituzaingó,,,empresa de mudanzas ituzaingo,Exact,Enabled,,,,,,,,,,,,,,,,,,,,,,,,
CMD | Provincia de Buenos Aires,,,,,,,,Ituzaingó,,,presupuesto mudanza ituzaingo,Phrase,Enabled,,,,,,,,,,,,,,,,,,,,,,,,
CMD | Provincia de Buenos Aires,,,,,,,,Ituzaingó,,,presupuesto mudanza ituzaingo,Exact,Enabled,,,,,,,,,,,,,,,,,,,,,,,,
CMD | Provincia de Buenos Aires,,,,,,,,Ituzaingó,,,fletes ituzaingo,Phrase,Enabled,,,,,,,,,,,,,,,,,,,,,,,,
CMD | Provincia de Buenos Aires,,,,,,,,Ituzaingó,,,fletes ituzaingo,Exact,Enabled,,,,,,,,,,,,,,,,,,,,,,,,
CMD | Provincia de Buenos Aires,,,,,,,,Ituzaingó,,,,,,Responsive search ad,https://www.cmdmudanzas.com/mudanzas-ituzaingo,mudanzas,,Mudanzas en Ituzaingó,Mudanzas Ituzaingó,Empresa de Mudanzas Ituzaingó,Seguro Incluido Siempre,Camiones de 20 a 50 m³,Plataforma Hasta 1.200 kg,Cotizá Gratis Sin Cargo,Respuesta en 24 Horas,Embalaje y Desembalaje,Personal Capacitado,Consultá por WhatsApp,Presupuesto Sin Cargo,Cuidamos Tus Cosas,Carga y Descarga Incluida,Mudate Sin Estrés,"Mudanzas en Ituzaingó con camiones propios, plataforma elevadora y seguro.","Camiones propios de 20 a 50 m³, plataforma elevadora y seguro incluido en cada viaje.",Cotizá tu mudanza sin cargo. Te respondemos en menos de 24 horas por WhatsApp.,"Mudanzas de casas, departamentos y oficinas. Embalaje, carga, descarga y ayudantes.",Enabled
CMD | Provincia de Buenos Aires,,,,,,,,Merlo,400,Enabled,,,,,,,,,,,,,,,,,,,,,,,,,,,
CMD | Provincia de Buenos Aires,,,,,,,,Merlo,,,mudanzas merlo,Phrase,Enabled,,,,,,,,,,,,,,,,,,,,,,,,
CMD | Provincia de Buenos Aires,,,,,,,,Merlo,,,mudanzas merlo,Exact,Enabled,,,,,,,,,,,,,,,,,,,,,,,,
CMD | Provincia de Buenos Aires,,,,,,,,Merlo,,,mudanzas en merlo,Phrase,Enabled,,,,,,,,,,,,,,,,,,,,,,,,
CMD | Provincia de Buenos Aires,,,,,,,,Merlo,,,mudanzas en merlo,Exact,Enabled,,,,,,,,,,,,,,,,,,,,,,,,
CMD | Provincia de Buenos Aires,,,,,,,,Merlo,,,empresa de mudanzas merlo,Phrase,Enabled,,,,,,,,,,,,,,,,,,,,,,,,
CMD | Provincia de Buenos Aires,,,,,,,,Merlo,,,empresa de mudanzas merlo,Exact,Enabled,,,,,,,,,,,,,,,,,,,,,,,,
CMD | Provincia de Buenos Aires,,,,,,,,Merlo,,,presupuesto mudanza merlo,Phrase,Enabled,,,,,,,,,,,,,,,,,,,,,,,,
CMD | Provincia de Buenos Aires,,,,,,,,Merlo,,,presupuesto mudanza merlo,Exact,Enabled,,,,,,,,,,,,,,,,,,,,,,,,
CMD | Provincia de Buenos Aires,,,,,,,,Merlo,,,fletes merlo,Phrase,Enabled,,,,,,,,,,,,,,,,,,,,,,,,
CMD | Provincia de Buenos Aires,,,,,,,,Merlo,,,fletes merlo,Exact,Enabled,,,,,,,,,,,,,,,,,,,,,,,,
CMD | Provincia de Buenos Aires,,,,,,,,Merlo,,,,,,Responsive search ad,https://www.cmdmudanzas.com/mudanzas-merlo,mudanzas,,Mudanzas en Merlo,Mudanzas Merlo,Empresa de Mudanzas Merlo,Seguro Incluido Siempre,Camiones de 20 a 50 m³,Plataforma Hasta 1.200 kg,Cotizá Gratis Sin Cargo,Respuesta en 24 Horas,Embalaje y Desembalaje,Personal Capacitado,Consultá por WhatsApp,Presupuesto Sin Cargo,Cuidamos Tus Cosas,Carga y Descarga Incluida,Mudate Sin Estrés,"Mudanzas en Merlo con camiones propios, plataforma elevadora y seguro.","Camiones propios de 20 a 50 m³, plataforma elevadora y seguro incluido en cada viaje.",Cotizá tu mudanza sin cargo. Te respondemos en menos de 24 horas por WhatsApp.,"Mudanzas de casas, departamentos y oficinas. Embalaje, carga, descarga y ayudantes.",Enabled
CMD | Provincia de Buenos Aires,,,,,,,,Moreno,400,Enabled,,,,,,,,,,,,,,,,,,,,,,,,,,,
CMD | Provincia de Buenos Aires,,,,,,,,Moreno,,,mudanzas moreno,Phrase,Enabled,,,,,,,,,,,,,,,,,,,,,,,,
CMD | Provincia de Buenos Aires,,,,,,,,Moreno,,,mudanzas moreno,Exact,Enabled,,,,,,,,,,,,,,,,,,,,,,,,
CMD | Provincia de Buenos Aires,,,,,,,,Moreno,,,mudanzas en moreno,Phrase,Enabled,,,,,,,,,,,,,,,,,,,,,,,,
CMD | Provincia de Buenos Aires,,,,,,,,Moreno,,,mudanzas en moreno,Exact,Enabled,,,,,,,,,,,,,,,,,,,,,,,,
CMD | Provincia de Buenos Aires,,,,,,,,Moreno,,,empresa de mudanzas moreno,Phrase,Enabled,,,,,,,,,,,,,,,,,,,,,,,,
CMD | Provincia de Buenos Aires,,,,,,,,Moreno,,,empresa de mudanzas moreno,Exact,Enabled,,,,,,,,,,,,,,,,,,,,,,,,
CMD | Provincia de Buenos Aires,,,,,,,,Moreno,,,presupuesto mudanza moreno,Phrase,Enabled,,,,,,,,,,,,,,,,,,,,,,,,
CMD | Provincia de Buenos Aires,,,,,,,,Moreno,,,presupuesto mudanza moreno,Exact,Enabled,,,,,,,,,,,,,,,,,,,,,,,,
CMD | Provincia de Buenos Aires,,,,,,,,Moreno,,,fletes moreno,Phrase,Enabled,,,,,,,,,,,,,,,,,,,,,,,,
CMD | Provincia de Buenos Aires,,,,,,,,Moreno,,,fletes moreno,Exact,Enabled,,,,,,,,,,,,,,,,,,,,,,,,
CMD | Provincia de Buenos Aires,,,,,,,,Moreno,,,,,,Responsive search ad,https://www.cmdmudanzas.com/mudanzas-moreno,mudanzas,,Mudanzas en Moreno,Mudanzas Moreno,Empresa de Mudanzas Moreno,Seguro Incluido Siempre,Camiones de 20 a 50 m³,Plataforma Hasta 1.200 kg,Cotizá Gratis Sin Cargo,Respuesta en 24 Horas,Embalaje y Desembalaje,Personal Capacitado,Consultá por WhatsApp,Presupuesto Sin Cargo,Cuidamos Tus Cosas,Carga y Descarga Incluida,Mudate Sin Estrés,"Mudanzas en Moreno con camiones propios, plataforma elevadora y seguro.","Camiones propios de 20 a 50 m³, plataforma elevadora y seguro incluido en cada viaje.",Cotizá tu mudanza sin cargo. Te respondemos en menos de 24 horas por WhatsApp.,"Mudanzas de casas, departamentos y oficinas. Embalaje, carga, descarga y ayudantes.",Enabled
CMD | Provincia de Buenos Aires,,,,,,,,La Matanza,400,Enabled,,,,,,,,,,,,,,,,,,,,,,,,,,,
CMD | Provincia de Buenos Aires,,,,,,,,La Matanza,,,mudanzas la matanza,Phrase,Enabled,,,,,,,,,,,,,,,,,,,,,,,,
CMD | Provincia de Buenos Aires,,,,,,,,La Matanza,,,mudanzas la matanza,Exact,Enabled,,,,,,,,,,,,,,,,,,,,,,,,
CMD | Provincia de Buenos Aires,,,,,,,,La Matanza,,,mudanzas en la matanza,Phrase,Enabled,,,,,,,,,,,,,,,,,,,,,,,,
CMD | Provincia de Buenos Aires,,,,,,,,La Matanza,,,mudanzas en la matanza,Exact,Enabled,,,,,,,,,,,,,,,,,,,,,,,,
CMD | Provincia de Buenos Aires,,,,,,,,La Matanza,,,empresa de mudanzas la matanza,Phrase,Enabled,,,,,,,,,,,,,,,,,,,,,,,,
CMD | Provincia de Buenos Aires,,,,,,,,La Matanza,,,empresa de mudanzas la matanza,Exact,Enabled,,,,,,,,,,,,,,,,,,,,,,,,
CMD | Provincia de Buenos Aires,,,,,,,,La Matanza,,,presupuesto mudanza la matanza,Phrase,Enabled,,,,,,,,,,,,,,,,,,,,,,,,
CMD | Provincia de Buenos Aires,,,,,,,,La Matanza,,,presupuesto mudanza la matanza,Exact,Enabled,,,,,,,,,,,,,,,,,,,,,,,,
CMD | Provincia de Buenos Aires,,,,,,,,La Matanza,,,fletes la matanza,Phrase,Enabled,,,,,,,,,,,,,,,,,,,,,,,,
CMD | Provincia de Buenos Aires,,,,,,,,La Matanza,,,fletes la matanza,Exact,Enabled,,,,,,,,,,,,,,,,,,,,,,,,
CMD | Provincia de Buenos Aires,,,,,,,,La Matanza,,,,,,Responsive search ad,https://www.cmdmudanzas.com/mudanzas-la-matanza,mudanzas,,Mudanzas en La Matanza,Mudanzas La Matanza,Empresa de Mudanzas La Matanza,Seguro Incluido Siempre,Camiones de 20 a 50 m³,Plataforma Hasta 1.200 kg,Cotizá Gratis Sin Cargo,Respuesta en 24 Horas,Embalaje y Desembalaje,Personal Capacitado,Consultá por WhatsApp,Presupuesto Sin Cargo,Cuidamos Tus Cosas,Carga y Descarga Incluida,Mudate Sin Estrés,"Mudanzas en La Matanza con camiones propios, plataforma elevadora y seguro.","Camiones propios de 20 a 50 m³, plataforma elevadora y seguro incluido en cada viaje.",Cotizá tu mudanza sin cargo. Te respondemos en menos de 24 horas por WhatsApp.,"Mudanzas de casas, departamentos y oficinas. Embalaje, carga, descarga y ayudantes.",Enabled
CMD | Provincia de Buenos Aires,,,,,,,,Luján,400,Enabled,,,,,,,,,,,,,,,,,,,,,,,,,,,
CMD | Provincia de Buenos Aires,,,,,,,,Luján,,,mudanzas lujan,Phrase,Enabled,,,,,,,,,,,,,,,,,,,,,,,,
CMD | Provincia de Buenos Aires,,,,,,,,Luján,,,mudanzas lujan,Exact,Enabled,,,,,,,,,,,,,,,,,,,,,,,,
CMD | Provincia de Buenos Aires,,,,,,,,Luján,,,mudanzas en lujan,Phrase,Enabled,,,,,,,,,,,,,,,,,,,,,,,,
CMD | Provincia de Buenos Aires,,,,,,,,Luján,,,mudanzas en lujan,Exact,Enabled,,,,,,,,,,,,,,,,,,,,,,,,
CMD | Provincia de Buenos Aires,,,,,,,,Luján,,,empresa de mudanzas lujan,Phrase,Enabled,,,,,,,,,,,,,,,,,,,,,,,,
CMD | Provincia de Buenos Aires,,,,,,,,Luján,,,empresa de mudanzas lujan,Exact,Enabled,,,,,,,,,,,,,,,,,,,,,,,,
CMD | Provincia de Buenos Aires,,,,,,,,Luján,,,presupuesto mudanza lujan,Phrase,Enabled,,,,,,,,,,,,,,,,,,,,,,,,
CMD | Provincia de Buenos Aires,,,,,,,,Luján,,,presupuesto mudanza lujan,Exact,Enabled,,,,,,,,,,,,,,,,,,,,,,,,
CMD | Provincia de Buenos Aires,,,,,,,,Luján,,,fletes lujan,Phrase,Enabled,,,,,,,,,,,,,,,,,,,,,,,,
CMD | Provincia de Buenos Aires,,,,,,,,Luján,,,fletes lujan,Exact,Enabled,,,,,,,,,,,,,,,,,,,,,,,,
CMD | Provincia de Buenos Aires,,,,,,,,Luján,,,,,,Responsive search ad,https://www.cmdmudanzas.com/mudanzas-lujan,mudanzas,,Mudanzas en Luján,Mudanzas Luján,Empresa de Mudanzas Luján,Seguro Incluido Siempre,Camiones de 20 a 50 m³,Plataforma Hasta 1.200 kg,Cotizá Gratis Sin Cargo,Respuesta en 24 Horas,Embalaje y Desembalaje,Personal Capacitado,Consultá por WhatsApp,Presupuesto Sin Cargo,Cuidamos Tus Cosas,Carga y Descarga Incluida,Mudate Sin Estrés,"Mudanzas en Luján con camiones propios, plataforma elevadora y seguro.","Camiones propios de 20 a 50 m³, plataforma elevadora y seguro incluido en cada viaje.",Cotizá tu mudanza sin cargo. Te respondemos en menos de 24 horas por WhatsApp.,"Mudanzas de casas, departamentos y oficinas. Embalaje, carga, descarga y ayudantes.",Enabled
CMD | Provincia de Buenos Aires,,,,,,,,Avellaneda,400,Enabled,,,,,,,,,,,,,,,,,,,,,,,,,,,
CMD | Provincia de Buenos Aires,,,,,,,,Avellaneda,,,mudanzas avellaneda,Phrase,Enabled,,,,,,,,,,,,,,,,,,,,,,,,
CMD | Provincia de Buenos Aires,,,,,,,,Avellaneda,,,mudanzas avellaneda,Exact,Enabled,,,,,,,,,,,,,,,,,,,,,,,,
CMD | Provincia de Buenos Aires,,,,,,,,Avellaneda,,,mudanzas en avellaneda,Phrase,Enabled,,,,,,,,,,,,,,,,,,,,,,,,
CMD | Provincia de Buenos Aires,,,,,,,,Avellaneda,,,mudanzas en avellaneda,Exact,Enabled,,,,,,,,,,,,,,,,,,,,,,,,
CMD | Provincia de Buenos Aires,,,,,,,,Avellaneda,,,empresa de mudanzas avellaneda,Phrase,Enabled,,,,,,,,,,,,,,,,,,,,,,,,
CMD | Provincia de Buenos Aires,,,,,,,,Avellaneda,,,empresa de mudanzas avellaneda,Exact,Enabled,,,,,,,,,,,,,,,,,,,,,,,,
CMD | Provincia de Buenos Aires,,,,,,,,Avellaneda,,,presupuesto mudanza avellaneda,Phrase,Enabled,,,,,,,,,,,,,,,,,,,,,,,,
CMD | Provincia de Buenos Aires,,,,,,,,Avellaneda,,,presupuesto mudanza avellaneda,Exact,Enabled,,,,,,,,,,,,,,,,,,,,,,,,
CMD | Provincia de Buenos Aires,,,,,,,,Avellaneda,,,fletes avellaneda,Phrase,Enabled,,,,,,,,,,,,,,,,,,,,,,,,
CMD | Provincia de Buenos Aires,,,,,,,,Avellaneda,,,fletes avellaneda,Exact,Enabled,,,,,,,,,,,,,,,,,,,,,,,,
CMD | Provincia de Buenos Aires,,,,,,,,Avellaneda,,,,,,Responsive search ad,https://www.cmdmudanzas.com/mudanzas-avellaneda,mudanzas,,Mudanzas en Avellaneda,Mudanzas Avellaneda,Empresa de Mudanzas Avellaneda,Seguro Incluido Siempre,Camiones de 20 a 50 m³,Plataforma Hasta 1.200 kg,Cotizá Gratis Sin Cargo,Respuesta en 24 Horas,Embalaje y Desembalaje,Personal Capacitado,Consultá por WhatsApp,Presupuesto Sin Cargo,Cuidamos Tus Cosas,Carga y Descarga Incluida,Mudate Sin Estrés,"Mudanzas en Avellaneda con camiones propios, plataforma elevadora y seguro.","Camiones propios de 20 a 50 m³, plataforma elevadora y seguro incluido en cada viaje.",Cotizá tu mudanza sin cargo. Te respondemos en menos de 24 horas por WhatsApp.,"Mudanzas de casas, departamentos y oficinas. Embalaje, carga, descarga y ayudantes.",Enabled
CMD | Provincia de Buenos Aires,,,,,,,,Lanús,400,Enabled,,,,,,,,,,,,,,,,,,,,,,,,,,,
CMD | Provincia de Buenos Aires,,,,,,,,Lanús,,,mudanzas lanus,Phrase,Enabled,,,,,,,,,,,,,,,,,,,,,,,,
CMD | Provincia de Buenos Aires,,,,,,,,Lanús,,,mudanzas lanus,Exact,Enabled,,,,,,,,,,,,,,,,,,,,,,,,
CMD | Provincia de Buenos Aires,,,,,,,,Lanús,,,mudanzas en lanus,Phrase,Enabled,,,,,,,,,,,,,,,,,,,,,,,,
CMD | Provincia de Buenos Aires,,,,,,,,Lanús,,,mudanzas en lanus,Exact,Enabled,,,,,,,,,,,,,,,,,,,,,,,,
CMD | Provincia de Buenos Aires,,,,,,,,Lanús,,,empresa de mudanzas lanus,Phrase,Enabled,,,,,,,,,,,,,,,,,,,,,,,,
CMD | Provincia de Buenos Aires,,,,,,,,Lanús,,,empresa de mudanzas lanus,Exact,Enabled,,,,,,,,,,,,,,,,,,,,,,,,
CMD | Provincia de Buenos Aires,,,,,,,,Lanús,,,presupuesto mudanza lanus,Phrase,Enabled,,,,,,,,,,,,,,,,,,,,,,,,
CMD | Provincia de Buenos Aires,,,,,,,,Lanús,,,presupuesto mudanza lanus,Exact,Enabled,,,,,,,,,,,,,,,,,,,,,,,,
CMD | Provincia de Buenos Aires,,,,,,,,Lanús,,,fletes lanus,Phrase,Enabled,,,,,,,,,,,,,,,,,,,,,,,,
CMD | Provincia de Buenos Aires,,,,,,,,Lanús,,,fletes lanus,Exact,Enabled,,,,,,,,,,,,,,,,,,,,,,,,
CMD | Provincia de Buenos Aires,,,,,,,,Lanús,,,,,,Responsive search ad,https://www.cmdmudanzas.com/mudanzas-lanus,mudanzas,,Mudanzas en Lanús,Mudanzas Lanús,Empresa de Mudanzas Lanús,Seguro Incluido Siempre,Camiones de 20 a 50 m³,Plataforma Hasta 1.200 kg,Cotizá Gratis Sin Cargo,Respuesta en 24 Horas,Embalaje y Desembalaje,Personal Capacitado,Consultá por WhatsApp,Presupuesto Sin Cargo,Cuidamos Tus Cosas,Carga y Descarga Incluida,Mudate Sin Estrés,"Mudanzas en Lanús con camiones propios, plataforma elevadora y seguro.","Camiones propios de 20 a 50 m³, plataforma elevadora y seguro incluido en cada viaje.",Cotizá tu mudanza sin cargo. Te respondemos en menos de 24 horas por WhatsApp.,"Mudanzas de casas, departamentos y oficinas. Embalaje, carga, descarga y ayudantes.",Enabled
CMD | Provincia de Buenos Aires,,,,,,,,Lomas de Zamora,400,Enabled,,,,,,,,,,,,,,,,,,,,,,,,,,,
CMD | Provincia de Buenos Aires,,,,,,,,Lomas de Zamora,,,mudanzas lomas de zamora,Phrase,Enabled,,,,,,,,,,,,,,,,,,,,,,,,
CMD | Provincia de Buenos Aires,,,,,,,,Lomas de Zamora,,,mudanzas lomas de zamora,Exact,Enabled,,,,,,,,,,,,,,,,,,,,,,,,
CMD | Provincia de Buenos Aires,,,,,,,,Lomas de Zamora,,,mudanzas en lomas de zamora,Phrase,Enabled,,,,,,,,,,,,,,,,,,,,,,,,
CMD | Provincia de Buenos Aires,,,,,,,,Lomas de Zamora,,,mudanzas en lomas de zamora,Exact,Enabled,,,,,,,,,,,,,,,,,,,,,,,,
CMD | Provincia de Buenos Aires,,,,,,,,Lomas de Zamora,,,empresa de mudanzas lomas de zamora,Phrase,Enabled,,,,,,,,,,,,,,,,,,,,,,,,
CMD | Provincia de Buenos Aires,,,,,,,,Lomas de Zamora,,,empresa de mudanzas lomas de zamora,Exact,Enabled,,,,,,,,,,,,,,,,,,,,,,,,
CMD | Provincia de Buenos Aires,,,,,,,,Lomas de Zamora,,,presupuesto mudanza lomas de zamora,Phrase,Enabled,,,,,,,,,,,,,,,,,,,,,,,,
CMD | Provincia de Buenos Aires,,,,,,,,Lomas de Zamora,,,presupuesto mudanza lomas de zamora,Exact,Enabled,,,,,,,,,,,,,,,,,,,,,,,,
CMD | Provincia de Buenos Aires,,,,,,,,Lomas de Zamora,,,fletes lomas de zamora,Phrase,Enabled,,,,,,,,,,,,,,,,,,,,,,,,
CMD | Provincia de Buenos Aires,,,,,,,,Lomas de Zamora,,,fletes lomas de zamora,Exact,Enabled,,,,,,,,,,,,,,,,,,,,,,,,
CMD | Provincia de Buenos Aires,,,,,,,,Lomas de Zamora,,,,,,Responsive search ad,https://www.cmdmudanzas.com/mudanzas-lomas-de-zamora,mudanzas,,Mudanzas en Lomas de Zamora,Mudanzas Lomas de Zamora,Seguro Incluido Siempre,Camiones de 20 a 50 m³,Plataforma Hasta 1.200 kg,Cotizá Gratis Sin Cargo,Respuesta en 24 Horas,Embalaje y Desembalaje,Personal Capacitado,Consultá por WhatsApp,Presupuesto Sin Cargo,Cuidamos Tus Cosas,Carga y Descarga Incluida,Mudate Sin Estrés,,"Mudanzas en Lomas de Zamora con camiones propios, plataforma elevadora y seguro.","Camiones propios de 20 a 50 m³, plataforma elevadora y seguro incluido en cada viaje.",Cotizá tu mudanza sin cargo. Te respondemos en menos de 24 horas por WhatsApp.,"Mudanzas de casas, departamentos y oficinas. Embalaje, carga, descarga y ayudantes.",Enabled
CMD | Provincia de Buenos Aires,,,,,,,,Quilmes,400,Enabled,,,,,,,,,,,,,,,,,,,,,,,,,,,
CMD | Provincia de Buenos Aires,,,,,,,,Quilmes,,,mudanzas quilmes,Phrase,Enabled,,,,,,,,,,,,,,,,,,,,,,,,
CMD | Provincia de Buenos Aires,,,,,,,,Quilmes,,,mudanzas quilmes,Exact,Enabled,,,,,,,,,,,,,,,,,,,,,,,,
CMD | Provincia de Buenos Aires,,,,,,,,Quilmes,,,mudanzas en quilmes,Phrase,Enabled,,,,,,,,,,,,,,,,,,,,,,,,
CMD | Provincia de Buenos Aires,,,,,,,,Quilmes,,,mudanzas en quilmes,Exact,Enabled,,,,,,,,,,,,,,,,,,,,,,,,
CMD | Provincia de Buenos Aires,,,,,,,,Quilmes,,,empresa de mudanzas quilmes,Phrase,Enabled,,,,,,,,,,,,,,,,,,,,,,,,
CMD | Provincia de Buenos Aires,,,,,,,,Quilmes,,,empresa de mudanzas quilmes,Exact,Enabled,,,,,,,,,,,,,,,,,,,,,,,,
CMD | Provincia de Buenos Aires,,,,,,,,Quilmes,,,presupuesto mudanza quilmes,Phrase,Enabled,,,,,,,,,,,,,,,,,,,,,,,,
CMD | Provincia de Buenos Aires,,,,,,,,Quilmes,,,presupuesto mudanza quilmes,Exact,Enabled,,,,,,,,,,,,,,,,,,,,,,,,
CMD | Provincia de Buenos Aires,,,,,,,,Quilmes,,,fletes quilmes,Phrase,Enabled,,,,,,,,,,,,,,,,,,,,,,,,
CMD | Provincia de Buenos Aires,,,,,,,,Quilmes,,,fletes quilmes,Exact,Enabled,,,,,,,,,,,,,,,,,,,,,,,,
CMD | Provincia de Buenos Aires,,,,,,,,Quilmes,,,,,,Responsive search ad,https://www.cmdmudanzas.com/mudanzas-quilmes,mudanzas,,Mudanzas en Quilmes,Mudanzas Quilmes,Empresa de Mudanzas Quilmes,Seguro Incluido Siempre,Camiones de 20 a 50 m³,Plataforma Hasta 1.200 kg,Cotizá Gratis Sin Cargo,Respuesta en 24 Horas,Embalaje y Desembalaje,Personal Capacitado,Consultá por WhatsApp,Presupuesto Sin Cargo,Cuidamos Tus Cosas,Carga y Descarga Incluida,Mudate Sin Estrés,"Mudanzas en Quilmes con camiones propios, plataforma elevadora y seguro.","Camiones propios de 20 a 50 m³, plataforma elevadora y seguro incluido en cada viaje.",Cotizá tu mudanza sin cargo. Te respondemos en menos de 24 horas por WhatsApp.,"Mudanzas de casas, departamentos y oficinas. Embalaje, carga, descarga y ayudantes.",Enabled
CMD | Provincia de Buenos Aires,,,,,,,,Berazategui,400,Enabled,,,,,,,,,,,,,,,,,,,,,,,,,,,
CMD | Provincia de Buenos Aires,,,,,,,,Berazategui,,,mudanzas berazategui,Phrase,Enabled,,,,,,,,,,,,,,,,,,,,,,,,
CMD | Provincia de Buenos Aires,,,,,,,,Berazategui,,,mudanzas berazategui,Exact,Enabled,,,,,,,,,,,,,,,,,,,,,,,,
CMD | Provincia de Buenos Aires,,,,,,,,Berazategui,,,mudanzas en berazategui,Phrase,Enabled,,,,,,,,,,,,,,,,,,,,,,,,
CMD | Provincia de Buenos Aires,,,,,,,,Berazategui,,,mudanzas en berazategui,Exact,Enabled,,,,,,,,,,,,,,,,,,,,,,,,
CMD | Provincia de Buenos Aires,,,,,,,,Berazategui,,,empresa de mudanzas berazategui,Phrase,Enabled,,,,,,,,,,,,,,,,,,,,,,,,
CMD | Provincia de Buenos Aires,,,,,,,,Berazategui,,,empresa de mudanzas berazategui,Exact,Enabled,,,,,,,,,,,,,,,,,,,,,,,,
CMD | Provincia de Buenos Aires,,,,,,,,Berazategui,,,presupuesto mudanza berazategui,Phrase,Enabled,,,,,,,,,,,,,,,,,,,,,,,,
CMD | Provincia de Buenos Aires,,,,,,,,Berazategui,,,presupuesto mudanza berazategui,Exact,Enabled,,,,,,,,,,,,,,,,,,,,,,,,
CMD | Provincia de Buenos Aires,,,,,,,,Berazategui,,,fletes berazategui,Phrase,Enabled,,,,,,,,,,,,,,,,,,,,,,,,
CMD | Provincia de Buenos Aires,,,,,,,,Berazategui,,,fletes berazategui,Exact,Enabled,,,,,,,,,,,,,,,,,,,,,,,,
CMD | Provincia de Buenos Aires,,,,,,,,Berazategui,,,,,,Responsive search ad,https://www.cmdmudanzas.com/mudanzas-berazategui,mudanzas,,Mudanzas en Berazategui,Mudanzas Berazategui,Seguro Incluido Siempre,Camiones de 20 a 50 m³,Plataforma Hasta 1.200 kg,Cotizá Gratis Sin Cargo,Respuesta en 24 Horas,Embalaje y Desembalaje,Personal Capacitado,Consultá por WhatsApp,Presupuesto Sin Cargo,Cuidamos Tus Cosas,Carga y Descarga Incluida,Mudate Sin Estrés,,"Mudanzas en Berazategui con camiones propios, plataforma elevadora y seguro.","Camiones propios de 20 a 50 m³, plataforma elevadora y seguro incluido en cada viaje.",Cotizá tu mudanza sin cargo. Te respondemos en menos de 24 horas por WhatsApp.,"Mudanzas de casas, departamentos y oficinas. Embalaje, carga, descarga y ayudantes.",Enabled
CMD | Provincia de Buenos Aires,,,,,,,,Florencio Varela,400,Enabled,,,,,,,,,,,,,,,,,,,,,,,,,,,
CMD | Provincia de Buenos Aires,,,,,,,,Florencio Varela,,,mudanzas florencio varela,Phrase,Enabled,,,,,,,,,,,,,,,,,,,,,,,,
CMD | Provincia de Buenos Aires,,,,,,,,Florencio Varela,,,mudanzas florencio varela,Exact,Enabled,,,,,,,,,,,,,,,,,,,,,,,,
CMD | Provincia de Buenos Aires,,,,,,,,Florencio Varela,,,mudanzas en florencio varela,Phrase,Enabled,,,,,,,,,,,,,,,,,,,,,,,,
CMD | Provincia de Buenos Aires,,,,,,,,Florencio Varela,,,mudanzas en florencio varela,Exact,Enabled,,,,,,,,,,,,,,,,,,,,,,,,
CMD | Provincia de Buenos Aires,,,,,,,,Florencio Varela,,,empresa de mudanzas florencio varela,Phrase,Enabled,,,,,,,,,,,,,,,,,,,,,,,,
CMD | Provincia de Buenos Aires,,,,,,,,Florencio Varela,,,empresa de mudanzas florencio varela,Exact,Enabled,,,,,,,,,,,,,,,,,,,,,,,,
CMD | Provincia de Buenos Aires,,,,,,,,Florencio Varela,,,presupuesto mudanza florencio varela,Phrase,Enabled,,,,,,,,,,,,,,,,,,,,,,,,
CMD | Provincia de Buenos Aires,,,,,,,,Florencio Varela,,,presupuesto mudanza florencio varela,Exact,Enabled,,,,,,,,,,,,,,,,,,,,,,,,
CMD | Provincia de Buenos Aires,,,,,,,,Florencio Varela,,,fletes florencio varela,Phrase,Enabled,,,,,,,,,,,,,,,,,,,,,,,,
CMD | Provincia de Buenos Aires,,,,,,,,Florencio Varela,,,fletes florencio varela,Exact,Enabled,,,,,,,,,,,,,,,,,,,,,,,,
CMD | Provincia de Buenos Aires,,,,,,,,Florencio Varela,,,,,,Responsive search ad,https://www.cmdmudanzas.com/mudanzas-florencio-varela,mudanzas,,Mudanzas en Florencio Varela,Mudanzas Florencio Varela,Seguro Incluido Siempre,Camiones de 20 a 50 m³,Plataforma Hasta 1.200 kg,Cotizá Gratis Sin Cargo,Respuesta en 24 Horas,Embalaje y Desembalaje,Personal Capacitado,Consultá por WhatsApp,Presupuesto Sin Cargo,Cuidamos Tus Cosas,Carga y Descarga Incluida,Mudate Sin Estrés,,"Mudanzas en Florencio Varela con camiones propios, plataforma elevadora y seguro.","Camiones propios de 20 a 50 m³, plataforma elevadora y seguro incluido en cada viaje.",Cotizá tu mudanza sin cargo. Te respondemos en menos de 24 horas por WhatsApp.,"Mudanzas de casas, departamentos y oficinas. Embalaje, carga, descarga y ayudantes.",Enabled
CMD | Provincia de Buenos Aires,,,,,,,,Almirante Brown,400,Enabled,,,,,,,,,,,,,,,,,,,,,,,,,,,
CMD | Provincia de Buenos Aires,,,,,,,,Almirante Brown,,,mudanzas almirante brown,Phrase,Enabled,,,,,,,,,,,,,,,,,,,,,,,,
CMD | Provincia de Buenos Aires,,,,,,,,Almirante Brown,,,mudanzas almirante brown,Exact,Enabled,,,,,,,,,,,,,,,,,,,,,,,,
CMD | Provincia de Buenos Aires,,,,,,,,Almirante Brown,,,mudanzas en almirante brown,Phrase,Enabled,,,,,,,,,,,,,,,,,,,,,,,,
CMD | Provincia de Buenos Aires,,,,,,,,Almirante Brown,,,mudanzas en almirante brown,Exact,Enabled,,,,,,,,,,,,,,,,,,,,,,,,
CMD | Provincia de Buenos Aires,,,,,,,,Almirante Brown,,,empresa de mudanzas almirante brown,Phrase,Enabled,,,,,,,,,,,,,,,,,,,,,,,,
CMD | Provincia de Buenos Aires,,,,,,,,Almirante Brown,,,empresa de mudanzas almirante brown,Exact,Enabled,,,,,,,,,,,,,,,,,,,,,,,,
CMD | Provincia de Buenos Aires,,,,,,,,Almirante Brown,,,presupuesto mudanza almirante brown,Phrase,Enabled,,,,,,,,,,,,,,,,,,,,,,,,
CMD | Provincia de Buenos Aires,,,,,,,,Almirante Brown,,,presupuesto mudanza almirante brown,Exact,Enabled,,,,,,,,,,,,,,,,,,,,,,,,
CMD | Provincia de Buenos Aires,,,,,,,,Almirante Brown,,,fletes almirante brown,Phrase,Enabled,,,,,,,,,,,,,,,,,,,,,,,,
CMD | Provincia de Buenos Aires,,,,,,,,Almirante Brown,,,fletes almirante brown,Exact,Enabled,,,,,,,,,,,,,,,,,,,,,,,,
CMD | Provincia de Buenos Aires,,,,,,,,Almirante Brown,,,,,,Responsive search ad,https://www.cmdmudanzas.com/mudanzas-almirante-brown,mudanzas,,Mudanzas en Almirante Brown,Mudanzas Almirante Brown,Seguro Incluido Siempre,Camiones de 20 a 50 m³,Plataforma Hasta 1.200 kg,Cotizá Gratis Sin Cargo,Respuesta en 24 Horas,Embalaje y Desembalaje,Personal Capacitado,Consultá por WhatsApp,Presupuesto Sin Cargo,Cuidamos Tus Cosas,Carga y Descarga Incluida,Mudate Sin Estrés,,"Mudanzas en Almirante Brown con camiones propios, plataforma elevadora y seguro.","Camiones propios de 20 a 50 m³, plataforma elevadora y seguro incluido en cada viaje.",Cotizá tu mudanza sin cargo. Te respondemos en menos de 24 horas por WhatsApp.,"Mudanzas de casas, departamentos y oficinas. Embalaje, carga, descarga y ayudantes.",Enabled
CMD | Provincia de Buenos Aires,,,,,,,,Ezeiza,400,Enabled,,,,,,,,,,,,,,,,,,,,,,,,,,,
CMD | Provincia de Buenos Aires,,,,,,,,Ezeiza,,,mudanzas ezeiza,Phrase,Enabled,,,,,,,,,,,,,,,,,,,,,,,,
CMD | Provincia de Buenos Aires,,,,,,,,Ezeiza,,,mudanzas ezeiza,Exact,Enabled,,,,,,,,,,,,,,,,,,,,,,,,
CMD | Provincia de Buenos Aires,,,,,,,,Ezeiza,,,mudanzas en ezeiza,Phrase,Enabled,,,,,,,,,,,,,,,,,,,,,,,,
CMD | Provincia de Buenos Aires,,,,,,,,Ezeiza,,,mudanzas en ezeiza,Exact,Enabled,,,,,,,,,,,,,,,,,,,,,,,,
CMD | Provincia de Buenos Aires,,,,,,,,Ezeiza,,,empresa de mudanzas ezeiza,Phrase,Enabled,,,,,,,,,,,,,,,,,,,,,,,,
CMD | Provincia de Buenos Aires,,,,,,,,Ezeiza,,,empresa de mudanzas ezeiza,Exact,Enabled,,,,,,,,,,,,,,,,,,,,,,,,
CMD | Provincia de Buenos Aires,,,,,,,,Ezeiza,,,presupuesto mudanza ezeiza,Phrase,Enabled,,,,,,,,,,,,,,,,,,,,,,,,
CMD | Provincia de Buenos Aires,,,,,,,,Ezeiza,,,presupuesto mudanza ezeiza,Exact,Enabled,,,,,,,,,,,,,,,,,,,,,,,,
CMD | Provincia de Buenos Aires,,,,,,,,Ezeiza,,,fletes ezeiza,Phrase,Enabled,,,,,,,,,,,,,,,,,,,,,,,,
CMD | Provincia de Buenos Aires,,,,,,,,Ezeiza,,,fletes ezeiza,Exact,Enabled,,,,,,,,,,,,,,,,,,,,,,,,
CMD | Provincia de Buenos Aires,,,,,,,,Ezeiza,,,,,,Responsive search ad,https://www.cmdmudanzas.com/mudanzas-ezeiza,mudanzas,,Mudanzas en Ezeiza,Mudanzas Ezeiza,Empresa de Mudanzas Ezeiza,Seguro Incluido Siempre,Camiones de 20 a 50 m³,Plataforma Hasta 1.200 kg,Cotizá Gratis Sin Cargo,Respuesta en 24 Horas,Embalaje y Desembalaje,Personal Capacitado,Consultá por WhatsApp,Presupuesto Sin Cargo,Cuidamos Tus Cosas,Carga y Descarga Incluida,Mudate Sin Estrés,"Mudanzas en Ezeiza con camiones propios, plataforma elevadora y seguro.","Camiones propios de 20 a 50 m³, plataforma elevadora y seguro incluido en cada viaje.",Cotizá tu mudanza sin cargo. Te respondemos en menos de 24 horas por WhatsApp.,"Mudanzas de casas, departamentos y oficinas. Embalaje, carga, descarga y ayudantes.",Enabled
CMD | Provincia de Buenos Aires,,,,,,,,La Plata,400,Enabled,,,,,,,,,,,,,,,,,,,,,,,,,,,
CMD | Provincia de Buenos Aires,,,,,,,,La Plata,,,mudanzas la plata,Phrase,Enabled,,,,,,,,,,,,,,,,,,,,,,,,
CMD | Provincia de Buenos Aires,,,,,,,,La Plata,,,mudanzas la plata,Exact,Enabled,,,,,,,,,,,,,,,,,,,,,,,,
CMD | Provincia de Buenos Aires,,,,,,,,La Plata,,,mudanzas en la plata,Phrase,Enabled,,,,,,,,,,,,,,,,,,,,,,,,
CMD | Provincia de Buenos Aires,,,,,,,,La Plata,,,mudanzas en la plata,Exact,Enabled,,,,,,,,,,,,,,,,,,,,,,,,
CMD | Provincia de Buenos Aires,,,,,,,,La Plata,,,empresa de mudanzas la plata,Phrase,Enabled,,,,,,,,,,,,,,,,,,,,,,,,
CMD | Provincia de Buenos Aires,,,,,,,,La Plata,,,empresa de mudanzas la plata,Exact,Enabled,,,,,,,,,,,,,,,,,,,,,,,,
CMD | Provincia de Buenos Aires,,,,,,,,La Plata,,,presupuesto mudanza la plata,Phrase,Enabled,,,,,,,,,,,,,,,,,,,,,,,,
CMD | Provincia de Buenos Aires,,,,,,,,La Plata,,,presupuesto mudanza la plata,Exact,Enabled,,,,,,,,,,,,,,,,,,,,,,,,
CMD | Provincia de Buenos Aires,,,,,,,,La Plata,,,fletes la plata,Phrase,Enabled,,,,,,,,,,,,,,,,,,,,,,,,
CMD | Provincia de Buenos Aires,,,,,,,,La Plata,,,fletes la plata,Exact,Enabled,,,,,,,,,,,,,,,,,,,,,,,,
CMD | Provincia de Buenos Aires,,,,,,,,La Plata,,,,,,Responsive search ad,https://www.cmdmudanzas.com/mudanzas-la-plata,mudanzas,,Mudanzas en La Plata,Mudanzas La Plata,Empresa de Mudanzas La Plata,Seguro Incluido Siempre,Camiones de 20 a 50 m³,Plataforma Hasta 1.200 kg,Cotizá Gratis Sin Cargo,Respuesta en 24 Horas,Embalaje y Desembalaje,Personal Capacitado,Consultá por WhatsApp,Presupuesto Sin Cargo,Cuidamos Tus Cosas,Carga y Descarga Incluida,Mudate Sin Estrés,"Mudanzas en La Plata con camiones propios, plataforma elevadora y seguro.","Camiones propios de 20 a 50 m³, plataforma elevadora y seguro incluido en cada viaje.",Cotizá tu mudanza sin cargo. Te respondemos en menos de 24 horas por WhatsApp.,"Mudanzas de casas, departamentos y oficinas. Embalaje, carga, descarga y ayudantes.",Enabled
CMD | Provincia de Buenos Aires,,,,,,,,Mar del Plata,400,Enabled,,,,,,,,,,,,,,,,,,,,,,,,,,,
CMD | Provincia de Buenos Aires,,,,,,,,Mar del Plata,,,mudanzas mar del plata,Phrase,Enabled,,,,,,,,,,,,,,,,,,,,,,,,
CMD | Provincia de Buenos Aires,,,,,,,,Mar del Plata,,,mudanzas mar del plata,Exact,Enabled,,,,,,,,,,,,,,,,,,,,,,,,
CMD | Provincia de Buenos Aires,,,,,,,,Mar del Plata,,,mudanzas en mar del plata,Phrase,Enabled,,,,,,,,,,,,,,,,,,,,,,,,
CMD | Provincia de Buenos Aires,,,,,,,,Mar del Plata,,,mudanzas en mar del plata,Exact,Enabled,,,,,,,,,,,,,,,,,,,,,,,,
CMD | Provincia de Buenos Aires,,,,,,,,Mar del Plata,,,empresa de mudanzas mar del plata,Phrase,Enabled,,,,,,,,,,,,,,,,,,,,,,,,
CMD | Provincia de Buenos Aires,,,,,,,,Mar del Plata,,,empresa de mudanzas mar del plata,Exact,Enabled,,,,,,,,,,,,,,,,,,,,,,,,
CMD | Provincia de Buenos Aires,,,,,,,,Mar del Plata,,,presupuesto mudanza mar del plata,Phrase,Enabled,,,,,,,,,,,,,,,,,,,,,,,,
CMD | Provincia de Buenos Aires,,,,,,,,Mar del Plata,,,presupuesto mudanza mar del plata,Exact,Enabled,,,,,,,,,,,,,,,,,,,,,,,,
CMD | Provincia de Buenos Aires,,,,,,,,Mar del Plata,,,fletes mar del plata,Phrase,Enabled,,,,,,,,,,,,,,,,,,,,,,,,
CMD | Provincia de Buenos Aires,,,,,,,,Mar del Plata,,,fletes mar del plata,Exact,Enabled,,,,,,,,,,,,,,,,,,,,,,,,
CMD | Provincia de Buenos Aires,,,,,,,,Mar del Plata,,,,,,Responsive search ad,https://www.cmdmudanzas.com/mudanzas-mar-del-plata,mudanzas,,Mudanzas en Mar del Plata,Mudanzas Mar del Plata,Seguro Incluido Siempre,Camiones de 20 a 50 m³,Plataforma Hasta 1.200 kg,Cotizá Gratis Sin Cargo,Respuesta en 24 Horas,Embalaje y Desembalaje,Personal Capacitado,Consultá por WhatsApp,Presupuesto Sin Cargo,Cuidamos Tus Cosas,Carga y Descarga Incluida,Mudate Sin Estrés,,"Mudanzas en Mar del Plata con camiones propios, plataforma elevadora y seguro.","Camiones propios de 20 a 50 m³, plataforma elevadora y seguro incluido en cada viaje.",Cotizá tu mudanza sin cargo. Te respondemos en menos de 24 horas por WhatsApp.,"Mudanzas de casas, departamentos y oficinas. Embalaje, carga, descarga y ayudantes.",Enabled
CMD | Provincia de Buenos Aires,,,,,,,,Bahía Blanca,400,Enabled,,,,,,,,,,,,,,,,,,,,,,,,,,,
CMD | Provincia de Buenos Aires,,,,,,,,Bahía Blanca,,,mudanzas bahia blanca,Phrase,Enabled,,,,,,,,,,,,,,,,,,,,,,,,
CMD | Provincia de Buenos Aires,,,,,,,,Bahía Blanca,,,mudanzas bahia blanca,Exact,Enabled,,,,,,,,,,,,,,,,,,,,,,,,
CMD | Provincia de Buenos Aires,,,,,,,,Bahía Blanca,,,mudanzas en bahia blanca,Phrase,Enabled,,,,,,,,,,,,,,,,,,,,,,,,
CMD | Provincia de Buenos Aires,,,,,,,,Bahía Blanca,,,mudanzas en bahia blanca,Exact,Enabled,,,,,,,,,,,,,,,,,,,,,,,,
CMD | Provincia de Buenos Aires,,,,,,,,Bahía Blanca,,,empresa de mudanzas bahia blanca,Phrase,Enabled,,,,,,,,,,,,,,,,,,,,,,,,
CMD | Provincia de Buenos Aires,,,,,,,,Bahía Blanca,,,empresa de mudanzas bahia blanca,Exact,Enabled,,,,,,,,,,,,,,,,,,,,,,,,
CMD | Provincia de Buenos Aires,,,,,,,,Bahía Blanca,,,presupuesto mudanza bahia blanca,Phrase,Enabled,,,,,,,,,,,,,,,,,,,,,,,,
CMD | Provincia de Buenos Aires,,,,,,,,Bahía Blanca,,,presupuesto mudanza bahia blanca,Exact,Enabled,,,,,,,,,,,,,,,,,,,,,,,,
CMD | Provincia de Buenos Aires,,,,,,,,Bahía Blanca,,,fletes bahia blanca,Phrase,Enabled,,,,,,,,,,,,,,,,,,,,,,,,
CMD | Provincia de Buenos Aires,,,,,,,,Bahía Blanca,,,fletes bahia blanca,Exact,Enabled,,,,,,,,,,,,,,,,,,,,,,,,
CMD | Provincia de Buenos Aires,,,,,,,,Bahía Blanca,,,,,,Responsive search ad,https://www.cmdmudanzas.com/mudanzas-bahia-blanca,mudanzas,,Mudanzas en Bahía Blanca,Mudanzas Bahía Blanca,Seguro Incluido Siempre,Camiones de 20 a 50 m³,Plataforma Hasta 1.200 kg,Cotizá Gratis Sin Cargo,Respuesta en 24 Horas,Embalaje y Desembalaje,Personal Capacitado,Consultá por WhatsApp,Presupuesto Sin Cargo,Cuidamos Tus Cosas,Carga y Descarga Incluida,Mudate Sin Estrés,,"Mudanzas en Bahía Blanca con camiones propios, plataforma elevadora y seguro.","Camiones propios de 20 a 50 m³, plataforma elevadora y seguro incluido en cada viaje.",Cotizá tu mudanza sin cargo. Te respondemos en menos de 24 horas por WhatsApp.,"Mudanzas de casas, departamentos y oficinas. Embalaje, carga, descarga y ayudantes.",Enabled
CMD | Interior,Search,35000,Maximize clicks,Google Search,es,Argentina,Paused,,,,,,,,,,,,,,,,,,,,,,,,,,,,,,
CMD | Interior,,,,,,,,,,,gratis,Campaign Negative Phrase,Enabled,,,,,,,,,,,,,,,,,,,,,,,,
CMD | Interior,,,,,,,,,,,gratuito,Campaign Negative Phrase,Enabled,,,,,,,,,,,,,,,,,,,,,,,,
CMD | Interior,,,,,,,,,,,gratuita,Campaign Negative Phrase,Enabled,,,,,,,,,,,,,,,,,,,,,,,,
CMD | Interior,,,,,,,,,,,sin costo,Campaign Negative Phrase,Enabled,,,,,,,,,,,,,,,,,,,,,,,,
CMD | Interior,,,,,,,,,,,trabajo,Campaign Negative Phrase,Enabled,,,,,,,,,,,,,,,,,,,,,,,,
CMD | Interior,,,,,,,,,,,empleo,Campaign Negative Phrase,Enabled,,,,,,,,,,,,,,,,,,,,,,,,
CMD | Interior,,,,,,,,,,,curso,Campaign Negative Phrase,Enabled,,,,,,,,,,,,,,,,,,,,,,,,
CMD | Interior,,,,,,,,,,,cursos,Campaign Negative Phrase,Enabled,,,,,,,,,,,,,,,,,,,,,,,,
CMD | Interior,,,,,,,,,,,capacitacion,Campaign Negative Phrase,Enabled,,,,,,,,,,,,,,,,,,,,,,,,
CMD | Interior,,,,,,,,,,,cv,Campaign Negative Phrase,Enabled,,,,,,,,,,,,,,,,,,,,,,,,
CMD | Interior,,,,,,,,,,,curriculum,Campaign Negative Phrase,Enabled,,,,,,,,,,,,,,,,,,,,,,,,
CMD | Interior,,,,,,,,,,,se busca,Campaign Negative Phrase,Enabled,,,,,,,,,,,,,,,,,,,,,,,,
CMD | Interior,,,,,,,,,,,busco trabajo,Campaign Negative Phrase,Enabled,,,,,,,,,,,,,,,,,,,,,,,,
CMD | Interior,,,,,,,,,,,changas,Campaign Negative Phrase,Enabled,,,,,,,,,,,,,,,,,,,,,,,,
CMD | Interior,,,,,,,,,,,franquicia,Campaign Negative Phrase,Enabled,,,,,,,,,,,,,,,,,,,,,,,,
CMD | Interior,,,,,,,,,,,franquicias,Campaign Negative Phrase,Enabled,,,,,,,,,,,,,,,,,,,,,,,,
CMD | Interior,,,,,,,,,,,vender,Campaign Negative Phrase,Enabled,,,,,,,,,,,,,,,,,,,,,,,,
CMD | Interior,,,,,,,,,,,venta de camiones,Campaign Negative Phrase,Enabled,,,,,,,,,,,,,,,,,,,,,,,,
CMD | Interior,,,,,,,,,,,comprar camion,Campaign Negative Phrase,Enabled,,,,,,,,,,,,,,,,,,,,,,,,
CMD | Interior,,,,,,,,,,,alquiler de camion,Campaign Negative Phrase,Enabled,,,,,,,,,,,,,,,,,,,,,,,,
CMD | Interior,,,,,,,,,,,alquilar camioneta,Campaign Negative Phrase,Enabled,,,,,,,,,,,,,,,,,,,,,,,,
CMD | Interior,,,,,,,,,,,como hacer una mudanza,Campaign Negative Phrase,Enabled,,,,,,,,,,,,,,,,,,,,,,,,
CMD | Interior,,,,,,,,,,,tips,Campaign Negative Phrase,Enabled,,,,,,,,,,,,,,,,,,,,,,,,
CMD | Interior,,,,,,,,,,,consejos,Campaign Negative Phrase,Enabled,,,,,,,,,,,,,,,,,,,,,,,,
CMD | Interior,,,,,,,,,,,que es,Campaign Negative Phrase,Enabled,,,,,,,,,,,,,,,,,,,,,,,,
CMD | Interior,,,,,,,,,,,significado,Campaign Negative Phrase,Enabled,,,,,,,,,,,,,,,,,,,,,,,,
CMD | Interior,,,,,,,,,,,sinonimo,Campaign Negative Phrase,Enabled,,,,,,,,,,,,,,,,,,,,,,,,
CMD | Interior,,,,,,,,,,,en ingles,Campaign Negative Phrase,Enabled,,,,,,,,,,,,,,,,,,,,,,,,
CMD | Interior,,,,,,,,,,,juego,Campaign Negative Phrase,Enabled,,,,,,,,,,,,,,,,,,,,,,,,
CMD | Interior,,,,,,,,,,,juegos,Campaign Negative Phrase,Enabled,,,,,,,,,,,,,,,,,,,,,,,,
CMD | Interior,,,,,,,,,,,pelicula,Campaign Negative Phrase,Enabled,,,,,,,,,,,,,,,,,,,,,,,,
CMD | Interior,,,,,,,,,,,cancion,Campaign Negative Phrase,Enabled,,,,,,,,,,,,,,,,,,,,,,,,
CMD | Interior,,,,,,,,,,,letra,Campaign Negative Phrase,Enabled,,,,,,,,,,,,,,,,,,,,,,,,
CMD | Interior,,,,,,,,,,,meme,Campaign Negative Phrase,Enabled,,,,,,,,,,,,,,,,,,,,,,,,
CMD | Interior,,,,,,,,,,,guardamuebles,Campaign Negative Phrase,Enabled,,,,,,,,,,,,,,,,,,,,,,,,
CMD | Interior,,,,,,,,,,,guarda muebles,Campaign Negative Phrase,Enabled,,,,,,,,,,,,,,,,,,,,,,,,
CMD | Interior,,,,,,,,,,,baulera,Campaign Negative Phrase,Enabled,,,,,,,,,,,,,,,,,,,,,,,,
CMD | Interior,,,,,,,,,,,bauleras,Campaign Negative Phrase,Enabled,,,,,,,,,,,,,,,,,,,,,,,,
CMD | Interior,,,,,,,,,,,deposito,Campaign Negative Phrase,Enabled,,,,,,,,,,,,,,,,,,,,,,,,
CMD | Interior,,,,,,,,,,,depositos,Campaign Negative Phrase,Enabled,,,,,,,,,,,,,,,,,,,,,,,,
CMD | Interior,,,,,,,,,,,self storage,Campaign Negative Phrase,Enabled,,,,,,,,,,,,,,,,,,,,,,,,
CMD | Interior,,,,,,,,,,,storage,Campaign Negative Phrase,Enabled,,,,,,,,,,,,,,,,,,,,,,,,
CMD | Interior,,,,,,,,,,,limpieza,Campaign Negative Phrase,Enabled,,,,,,,,,,,,,,,,,,,,,,,,
CMD | Interior,,,,,,,,,,,servicio de limpieza,Campaign Negative Phrase,Enabled,,,,,,,,,,,,,,,,,,,,,,,,
CMD | Interior,,,,,,,,,,,pintura,Campaign Negative Phrase,Enabled,,,,,,,,,,,,,,,,,,,,,,,,
CMD | Interior,,,,,,,,,,,pintor,Campaign Negative Phrase,Enabled,,,,,,,,,,,,,,,,,,,,,,,,
CMD | Interior,,,,,,,,,,,mudanza a españa,Campaign Negative Phrase,Enabled,,,,,,,,,,,,,,,,,,,,,,,,
CMD | Interior,,,,,,,,,,,mudanza a europa,Campaign Negative Phrase,Enabled,,,,,,,,,,,,,,,,,,,,,,,,
CMD | Interior,,,,,,,,,,,mudanza a estados unidos,Campaign Negative Phrase,Enabled,,,,,,,,,,,,,,,,,,,,,,,,
CMD | Interior,,,,,,,,,,,mudanza a mexico,Campaign Negative Phrase,Enabled,,,,,,,,,,,,,,,,,,,,,,,,
CMD | Interior,,,,,,,,,,,mudanza a miami,Campaign Negative Phrase,Enabled,,,,,,,,,,,,,,,,,,,,,,,,
CMD | Interior,,,,,,,,,,,mudanza a italia,Campaign Negative Phrase,Enabled,,,,,,,,,,,,,,,,,,,,,,,,
CMD | Interior,,,,,,,,,,,mudanza a colombia,Campaign Negative Phrase,Enabled,,,,,,,,,,,,,,,,,,,,,,,,
CMD | Interior,,,,,,,,,,,mudanza a peru,Campaign Negative Phrase,Enabled,,,,,,,,,,,,,,,,,,,,,,,,
CMD | Interior,,,,,,,,,,,container maritimo,Campaign Negative Phrase,Enabled,,,,,,,,,,,,,,,,,,,,,,,,
CMD | Interior,,,,,,,,,,,mudanza de mascotas sola,Campaign Negative Phrase,Enabled,,,,,,,,,,,,,,,,,,,,,,,,
CMD | Interior,,,,,,,,,,,solo flete de moto,Campaign Negative Phrase,Enabled,,,,,,,,,,,,,,,,,,,,,,,,
CMD | Interior,,,,,,,,Catamarca,400,Enabled,,,,,,,,,,,,,,,,,,,,,,,,,,,
CMD | Interior,,,,,,,,Catamarca,,,mudanzas catamarca,Phrase,Enabled,,,,,,,,,,,,,,,,,,,,,,,,
CMD | Interior,,,,,,,,Catamarca,,,mudanzas catamarca,Exact,Enabled,,,,,,,,,,,,,,,,,,,,,,,,
CMD | Interior,,,,,,,,Catamarca,,,mudanzas en catamarca,Phrase,Enabled,,,,,,,,,,,,,,,,,,,,,,,,
CMD | Interior,,,,,,,,Catamarca,,,mudanzas en catamarca,Exact,Enabled,,,,,,,,,,,,,,,,,,,,,,,,
CMD | Interior,,,,,,,,Catamarca,,,empresa de mudanzas catamarca,Phrase,Enabled,,,,,,,,,,,,,,,,,,,,,,,,
CMD | Interior,,,,,,,,Catamarca,,,empresa de mudanzas catamarca,Exact,Enabled,,,,,,,,,,,,,,,,,,,,,,,,
CMD | Interior,,,,,,,,Catamarca,,,presupuesto mudanza catamarca,Phrase,Enabled,,,,,,,,,,,,,,,,,,,,,,,,
CMD | Interior,,,,,,,,Catamarca,,,presupuesto mudanza catamarca,Exact,Enabled,,,,,,,,,,,,,,,,,,,,,,,,
CMD | Interior,,,,,,,,Catamarca,,,mudanzas a catamarca,Phrase,Enabled,,,,,,,,,,,,,,,,,,,,,,,,
CMD | Interior,,,,,,,,Catamarca,,,mudanzas a catamarca,Exact,Enabled,,,,,,,,,,,,,,,,,,,,,,,,
CMD | Interior,,,,,,,,Catamarca,,,mudanza de buenos aires a catamarca,Phrase,Enabled,,,,,,,,,,,,,,,,,,,,,,,,
CMD | Interior,,,,,,,,Catamarca,,,mudanza de buenos aires a catamarca,Exact,Enabled,,,,,,,,,,,,,,,,,,,,,,,,
CMD | Interior,,,,,,,,Catamarca,,,,,,Responsive search ad,https://www.cmdmudanzas.com/mudanzas-catamarca,mudanzas,,Mudanzas en Catamarca,Mudanzas Catamarca,Empresa de Mudanzas Catamarca,Seguro Incluido Siempre,Camiones de 20 a 50 m³,Plataforma Hasta 1.200 kg,Cotizá Gratis Sin Cargo,Respuesta en 24 Horas,Embalaje y Desembalaje,Personal Capacitado,Consultá por WhatsApp,Presupuesto Sin Cargo,Cuidamos Tus Cosas,Carga y Descarga Incluida,Mudate Sin Estrés,"Mudanzas en Catamarca con camiones propios, plataforma elevadora y seguro.","Camiones propios de 20 a 50 m³, plataforma elevadora y seguro incluido en cada viaje.",Cotizá tu mudanza sin cargo. Te respondemos en menos de 24 horas por WhatsApp.,"Mudanzas de casas, departamentos y oficinas. Embalaje, carga, descarga y ayudantes.",Enabled
CMD | Interior,,,,,,,,Chaco,400,Enabled,,,,,,,,,,,,,,,,,,,,,,,,,,,
CMD | Interior,,,,,,,,Chaco,,,mudanzas chaco,Phrase,Enabled,,,,,,,,,,,,,,,,,,,,,,,,
CMD | Interior,,,,,,,,Chaco,,,mudanzas chaco,Exact,Enabled,,,,,,,,,,,,,,,,,,,,,,,,
CMD | Interior,,,,,,,,Chaco,,,mudanzas en chaco,Phrase,Enabled,,,,,,,,,,,,,,,,,,,,,,,,
CMD | Interior,,,,,,,,Chaco,,,mudanzas en chaco,Exact,Enabled,,,,,,,,,,,,,,,,,,,,,,,,
CMD | Interior,,,,,,,,Chaco,,,empresa de mudanzas chaco,Phrase,Enabled,,,,,,,,,,,,,,,,,,,,,,,,
CMD | Interior,,,,,,,,Chaco,,,empresa de mudanzas chaco,Exact,Enabled,,,,,,,,,,,,,,,,,,,,,,,,
CMD | Interior,,,,,,,,Chaco,,,presupuesto mudanza chaco,Phrase,Enabled,,,,,,,,,,,,,,,,,,,,,,,,
CMD | Interior,,,,,,,,Chaco,,,presupuesto mudanza chaco,Exact,Enabled,,,,,,,,,,,,,,,,,,,,,,,,
CMD | Interior,,,,,,,,Chaco,,,mudanzas a chaco,Phrase,Enabled,,,,,,,,,,,,,,,,,,,,,,,,
CMD | Interior,,,,,,,,Chaco,,,mudanzas a chaco,Exact,Enabled,,,,,,,,,,,,,,,,,,,,,,,,
CMD | Interior,,,,,,,,Chaco,,,mudanza de buenos aires a chaco,Phrase,Enabled,,,,,,,,,,,,,,,,,,,,,,,,
CMD | Interior,,,,,,,,Chaco,,,mudanza de buenos aires a chaco,Exact,Enabled,,,,,,,,,,,,,,,,,,,,,,,,
CMD | Interior,,,,,,,,Chaco,,,mudanzas resistencia,Phrase,Enabled,,,,,,,,,,,,,,,,,,,,,,,,
CMD | Interior,,,,,,,,Chaco,,,mudanzas resistencia,Exact,Enabled,,,,,,,,,,,,,,,,,,,,,,,,
CMD | Interior,,,,,,,,Chaco,,,,,,Responsive search ad,https://www.cmdmudanzas.com/mudanzas-chaco,mudanzas,,Mudanzas en Chaco,Mudanzas Chaco,Empresa de Mudanzas Chaco,Seguro Incluido Siempre,Camiones de 20 a 50 m³,Plataforma Hasta 1.200 kg,Cotizá Gratis Sin Cargo,Respuesta en 24 Horas,Embalaje y Desembalaje,Personal Capacitado,Consultá por WhatsApp,Presupuesto Sin Cargo,Cuidamos Tus Cosas,Carga y Descarga Incluida,Mudate Sin Estrés,"Mudanzas en Chaco con camiones propios, plataforma elevadora y seguro.","Camiones propios de 20 a 50 m³, plataforma elevadora y seguro incluido en cada viaje.",Cotizá tu mudanza sin cargo. Te respondemos en menos de 24 horas por WhatsApp.,"Mudanzas de casas, departamentos y oficinas. Embalaje, carga, descarga y ayudantes.",Enabled
CMD | Interior,,,,,,,,Chubut,400,Enabled,,,,,,,,,,,,,,,,,,,,,,,,,,,
CMD | Interior,,,,,,,,Chubut,,,mudanzas chubut,Phrase,Enabled,,,,,,,,,,,,,,,,,,,,,,,,
CMD | Interior,,,,,,,,Chubut,,,mudanzas chubut,Exact,Enabled,,,,,,,,,,,,,,,,,,,,,,,,
CMD | Interior,,,,,,,,Chubut,,,mudanzas en chubut,Phrase,Enabled,,,,,,,,,,,,,,,,,,,,,,,,
CMD | Interior,,,,,,,,Chubut,,,mudanzas en chubut,Exact,Enabled,,,,,,,,,,,,,,,,,,,,,,,,
CMD | Interior,,,,,,,,Chubut,,,empresa de mudanzas chubut,Phrase,Enabled,,,,,,,,,,,,,,,,,,,,,,,,
CMD | Interior,,,,,,,,Chubut,,,empresa de mudanzas chubut,Exact,Enabled,,,,,,,,,,,,,,,,,,,,,,,,
CMD | Interior,,,,,,,,Chubut,,,presupuesto mudanza chubut,Phrase,Enabled,,,,,,,,,,,,,,,,,,,,,,,,
CMD | Interior,,,,,,,,Chubut,,,presupuesto mudanza chubut,Exact,Enabled,,,,,,,,,,,,,,,,,,,,,,,,
CMD | Interior,,,,,,,,Chubut,,,mudanzas a chubut,Phrase,Enabled,,,,,,,,,,,,,,,,,,,,,,,,
CMD | Interior,,,,,,,,Chubut,,,mudanzas a chubut,Exact,Enabled,,,,,,,,,,,,,,,,,,,,,,,,
CMD | Interior,,,,,,,,Chubut,,,mudanza de buenos aires a chubut,Phrase,Enabled,,,,,,,,,,,,,,,,,,,,,,,,
CMD | Interior,,,,,,,,Chubut,,,mudanza de buenos aires a chubut,Exact,Enabled,,,,,,,,,,,,,,,,,,,,,,,,
CMD | Interior,,,,,,,,Chubut,,,mudanzas comodoro rivadavia,Phrase,Enabled,,,,,,,,,,,,,,,,,,,,,,,,
CMD | Interior,,,,,,,,Chubut,,,mudanzas comodoro rivadavia,Exact,Enabled,,,,,,,,,,,,,,,,,,,,,,,,
CMD | Interior,,,,,,,,Chubut,,,mudanzas puerto madryn,Phrase,Enabled,,,,,,,,,,,,,,,,,,,,,,,,
CMD | Interior,,,,,,,,Chubut,,,mudanzas puerto madryn,Exact,Enabled,,,,,,,,,,,,,,,,,,,,,,,,
CMD | Interior,,,,,,,,Chubut,,,mudanzas trelew,Phrase,Enabled,,,,,,,,,,,,,,,,,,,,,,,,
CMD | Interior,,,,,,,,Chubut,,,mudanzas trelew,Exact,Enabled,,,,,,,,,,,,,,,,,,,,,,,,
CMD | Interior,,,,,,,,Chubut,,,,,,Responsive search ad,https://www.cmdmudanzas.com/mudanzas-chubut,mudanzas,,Mudanzas en Chubut,Mudanzas Chubut,Empresa de Mudanzas Chubut,Seguro Incluido Siempre,Camiones de 20 a 50 m³,Plataforma Hasta 1.200 kg,Cotizá Gratis Sin Cargo,Respuesta en 24 Horas,Embalaje y Desembalaje,Personal Capacitado,Consultá por WhatsApp,Presupuesto Sin Cargo,Cuidamos Tus Cosas,Carga y Descarga Incluida,Mudate Sin Estrés,"Mudanzas en Chubut con camiones propios, plataforma elevadora y seguro.","Camiones propios de 20 a 50 m³, plataforma elevadora y seguro incluido en cada viaje.",Cotizá tu mudanza sin cargo. Te respondemos en menos de 24 horas por WhatsApp.,"Mudanzas de casas, departamentos y oficinas. Embalaje, carga, descarga y ayudantes.",Enabled
CMD | Interior,,,,,,,,Córdoba,400,Enabled,,,,,,,,,,,,,,,,,,,,,,,,,,,
CMD | Interior,,,,,,,,Córdoba,,,mudanzas cordoba,Phrase,Enabled,,,,,,,,,,,,,,,,,,,,,,,,
CMD | Interior,,,,,,,,Córdoba,,,mudanzas cordoba,Exact,Enabled,,,,,,,,,,,,,,,,,,,,,,,,
CMD | Interior,,,,,,,,Córdoba,,,mudanzas en cordoba,Phrase,Enabled,,,,,,,,,,,,,,,,,,,,,,,,
CMD | Interior,,,,,,,,Córdoba,,,mudanzas en cordoba,Exact,Enabled,,,,,,,,,,,,,,,,,,,,,,,,
CMD | Interior,,,,,,,,Córdoba,,,empresa de mudanzas cordoba,Phrase,Enabled,,,,,,,,,,,,,,,,,,,,,,,,
CMD | Interior,,,,,,,,Córdoba,,,empresa de mudanzas cordoba,Exact,Enabled,,,,,,,,,,,,,,,,,,,,,,,,
CMD | Interior,,,,,,,,Córdoba,,,presupuesto mudanza cordoba,Phrase,Enabled,,,,,,,,,,,,,,,,,,,,,,,,
CMD | Interior,,,,,,,,Córdoba,,,presupuesto mudanza cordoba,Exact,Enabled,,,,,,,,,,,,,,,,,,,,,,,,
CMD | Interior,,,,,,,,Córdoba,,,mudanzas a cordoba,Phrase,Enabled,,,,,,,,,,,,,,,,,,,,,,,,
CMD | Interior,,,,,,,,Córdoba,,,mudanzas a cordoba,Exact,Enabled,,,,,,,,,,,,,,,,,,,,,,,,
CMD | Interior,,,,,,,,Córdoba,,,mudanza de buenos aires a cordoba,Phrase,Enabled,,,,,,,,,,,,,,,,,,,,,,,,
CMD | Interior,,,,,,,,Córdoba,,,mudanza de buenos aires a cordoba,Exact,Enabled,,,,,,,,,,,,,,,,,,,,,,,,
CMD | Interior,,,,,,,,Córdoba,,,,,,Responsive search ad,https://www.cmdmudanzas.com/mudanzas-cordoba,mudanzas,,Mudanzas en Córdoba,Mudanzas Córdoba,Empresa de Mudanzas Córdoba,Seguro Incluido Siempre,Camiones de 20 a 50 m³,Plataforma Hasta 1.200 kg,Cotizá Gratis Sin Cargo,Respuesta en 24 Horas,Embalaje y Desembalaje,Personal Capacitado,Consultá por WhatsApp,Presupuesto Sin Cargo,Cuidamos Tus Cosas,Carga y Descarga Incluida,Mudate Sin Estrés,"Mudanzas en Córdoba con camiones propios, plataforma elevadora y seguro.","Camiones propios de 20 a 50 m³, plataforma elevadora y seguro incluido en cada viaje.",Cotizá tu mudanza sin cargo. Te respondemos en menos de 24 horas por WhatsApp.,"Mudanzas de casas, departamentos y oficinas. Embalaje, carga, descarga y ayudantes.",Enabled
CMD | Interior,,,,,,,,Corrientes,400,Enabled,,,,,,,,,,,,,,,,,,,,,,,,,,,
CMD | Interior,,,,,,,,Corrientes,,,mudanzas corrientes,Phrase,Enabled,,,,,,,,,,,,,,,,,,,,,,,,
CMD | Interior,,,,,,,,Corrientes,,,mudanzas corrientes,Exact,Enabled,,,,,,,,,,,,,,,,,,,,,,,,
CMD | Interior,,,,,,,,Corrientes,,,mudanzas en corrientes,Phrase,Enabled,,,,,,,,,,,,,,,,,,,,,,,,
CMD | Interior,,,,,,,,Corrientes,,,mudanzas en corrientes,Exact,Enabled,,,,,,,,,,,,,,,,,,,,,,,,
CMD | Interior,,,,,,,,Corrientes,,,empresa de mudanzas corrientes,Phrase,Enabled,,,,,,,,,,,,,,,,,,,,,,,,
CMD | Interior,,,,,,,,Corrientes,,,empresa de mudanzas corrientes,Exact,Enabled,,,,,,,,,,,,,,,,,,,,,,,,
CMD | Interior,,,,,,,,Corrientes,,,presupuesto mudanza corrientes,Phrase,Enabled,,,,,,,,,,,,,,,,,,,,,,,,
CMD | Interior,,,,,,,,Corrientes,,,presupuesto mudanza corrientes,Exact,Enabled,,,,,,,,,,,,,,,,,,,,,,,,
CMD | Interior,,,,,,,,Corrientes,,,mudanzas a corrientes,Phrase,Enabled,,,,,,,,,,,,,,,,,,,,,,,,
CMD | Interior,,,,,,,,Corrientes,,,mudanzas a corrientes,Exact,Enabled,,,,,,,,,,,,,,,,,,,,,,,,
CMD | Interior,,,,,,,,Corrientes,,,mudanza de buenos aires a corrientes,Phrase,Enabled,,,,,,,,,,,,,,,,,,,,,,,,
CMD | Interior,,,,,,,,Corrientes,,,mudanza de buenos aires a corrientes,Exact,Enabled,,,,,,,,,,,,,,,,,,,,,,,,
CMD | Interior,,,,,,,,Corrientes,,,,,,Responsive search ad,https://www.cmdmudanzas.com/mudanzas-corrientes,mudanzas,,Mudanzas en Corrientes,Mudanzas Corrientes,Empresa de Mudanzas Corrientes,Seguro Incluido Siempre,Camiones de 20 a 50 m³,Plataforma Hasta 1.200 kg,Cotizá Gratis Sin Cargo,Respuesta en 24 Horas,Embalaje y Desembalaje,Personal Capacitado,Consultá por WhatsApp,Presupuesto Sin Cargo,Cuidamos Tus Cosas,Carga y Descarga Incluida,Mudate Sin Estrés,"Mudanzas en Corrientes con camiones propios, plataforma elevadora y seguro.","Camiones propios de 20 a 50 m³, plataforma elevadora y seguro incluido en cada viaje.",Cotizá tu mudanza sin cargo. Te respondemos en menos de 24 horas por WhatsApp.,"Mudanzas de casas, departamentos y oficinas. Embalaje, carga, descarga y ayudantes.",Enabled
CMD | Interior,,,,,,,,Entre Ríos,400,Enabled,,,,,,,,,,,,,,,,,,,,,,,,,,,
CMD | Interior,,,,,,,,Entre Ríos,,,mudanzas entre rios,Phrase,Enabled,,,,,,,,,,,,,,,,,,,,,,,,
CMD | Interior,,,,,,,,Entre Ríos,,,mudanzas entre rios,Exact,Enabled,,,,,,,,,,,,,,,,,,,,,,,,
CMD | Interior,,,,,,,,Entre Ríos,,,mudanzas en entre rios,Phrase,Enabled,,,,,,,,,,,,,,,,,,,,,,,,
CMD | Interior,,,,,,,,Entre Ríos,,,mudanzas en entre rios,Exact,Enabled,,,,,,,,,,,,,,,,,,,,,,,,
CMD | Interior,,,,,,,,Entre Ríos,,,empresa de mudanzas entre rios,Phrase,Enabled,,,,,,,,,,,,,,,,,,,,,,,,
CMD | Interior,,,,,,,,Entre Ríos,,,empresa de mudanzas entre rios,Exact,Enabled,,,,,,,,,,,,,,,,,,,,,,,,
CMD | Interior,,,,,,,,Entre Ríos,,,presupuesto mudanza entre rios,Phrase,Enabled,,,,,,,,,,,,,,,,,,,,,,,,
CMD | Interior,,,,,,,,Entre Ríos,,,presupuesto mudanza entre rios,Exact,Enabled,,,,,,,,,,,,,,,,,,,,,,,,
CMD | Interior,,,,,,,,Entre Ríos,,,mudanzas a entre rios,Phrase,Enabled,,,,,,,,,,,,,,,,,,,,,,,,
CMD | Interior,,,,,,,,Entre Ríos,,,mudanzas a entre rios,Exact,Enabled,,,,,,,,,,,,,,,,,,,,,,,,
CMD | Interior,,,,,,,,Entre Ríos,,,mudanza de buenos aires a entre rios,Phrase,Enabled,,,,,,,,,,,,,,,,,,,,,,,,
CMD | Interior,,,,,,,,Entre Ríos,,,mudanza de buenos aires a entre rios,Exact,Enabled,,,,,,,,,,,,,,,,,,,,,,,,
CMD | Interior,,,,,,,,Entre Ríos,,,,,,Responsive search ad,https://www.cmdmudanzas.com/mudanzas-entre-rios,mudanzas,,Mudanzas en Entre Ríos,Mudanzas Entre Ríos,Empresa de Mudanzas Entre Ríos,Seguro Incluido Siempre,Camiones de 20 a 50 m³,Plataforma Hasta 1.200 kg,Cotizá Gratis Sin Cargo,Respuesta en 24 Horas,Embalaje y Desembalaje,Personal Capacitado,Consultá por WhatsApp,Presupuesto Sin Cargo,Cuidamos Tus Cosas,Carga y Descarga Incluida,Mudate Sin Estrés,"Mudanzas en Entre Ríos con camiones propios, plataforma elevadora y seguro.","Camiones propios de 20 a 50 m³, plataforma elevadora y seguro incluido en cada viaje.",Cotizá tu mudanza sin cargo. Te respondemos en menos de 24 horas por WhatsApp.,"Mudanzas de casas, departamentos y oficinas. Embalaje, carga, descarga y ayudantes.",Enabled
CMD | Interior,,,,,,,,Formosa,400,Enabled,,,,,,,,,,,,,,,,,,,,,,,,,,,
CMD | Interior,,,,,,,,Formosa,,,mudanzas formosa,Phrase,Enabled,,,,,,,,,,,,,,,,,,,,,,,,
CMD | Interior,,,,,,,,Formosa,,,mudanzas formosa,Exact,Enabled,,,,,,,,,,,,,,,,,,,,,,,,
CMD | Interior,,,,,,,,Formosa,,,mudanzas en formosa,Phrase,Enabled,,,,,,,,,,,,,,,,,,,,,,,,
CMD | Interior,,,,,,,,Formosa,,,mudanzas en formosa,Exact,Enabled,,,,,,,,,,,,,,,,,,,,,,,,
CMD | Interior,,,,,,,,Formosa,,,empresa de mudanzas formosa,Phrase,Enabled,,,,,,,,,,,,,,,,,,,,,,,,
CMD | Interior,,,,,,,,Formosa,,,empresa de mudanzas formosa,Exact,Enabled,,,,,,,,,,,,,,,,,,,,,,,,
CMD | Interior,,,,,,,,Formosa,,,presupuesto mudanza formosa,Phrase,Enabled,,,,,,,,,,,,,,,,,,,,,,,,
CMD | Interior,,,,,,,,Formosa,,,presupuesto mudanza formosa,Exact,Enabled,,,,,,,,,,,,,,,,,,,,,,,,
CMD | Interior,,,,,,,,Formosa,,,mudanzas a formosa,Phrase,Enabled,,,,,,,,,,,,,,,,,,,,,,,,
CMD | Interior,,,,,,,,Formosa,,,mudanzas a formosa,Exact,Enabled,,,,,,,,,,,,,,,,,,,,,,,,
CMD | Interior,,,,,,,,Formosa,,,mudanza de buenos aires a formosa,Phrase,Enabled,,,,,,,,,,,,,,,,,,,,,,,,
CMD | Interior,,,,,,,,Formosa,,,mudanza de buenos aires a formosa,Exact,Enabled,,,,,,,,,,,,,,,,,,,,,,,,
CMD | Interior,,,,,,,,Formosa,,,,,,Responsive search ad,https://www.cmdmudanzas.com/mudanzas-formosa,mudanzas,,Mudanzas en Formosa,Mudanzas Formosa,Empresa de Mudanzas Formosa,Seguro Incluido Siempre,Camiones de 20 a 50 m³,Plataforma Hasta 1.200 kg,Cotizá Gratis Sin Cargo,Respuesta en 24 Horas,Embalaje y Desembalaje,Personal Capacitado,Consultá por WhatsApp,Presupuesto Sin Cargo,Cuidamos Tus Cosas,Carga y Descarga Incluida,Mudate Sin Estrés,"Mudanzas en Formosa con camiones propios, plataforma elevadora y seguro.","Camiones propios de 20 a 50 m³, plataforma elevadora y seguro incluido en cada viaje.",Cotizá tu mudanza sin cargo. Te respondemos en menos de 24 horas por WhatsApp.,"Mudanzas de casas, departamentos y oficinas. Embalaje, carga, descarga y ayudantes.",Enabled
CMD | Interior,,,,,,,,Jujuy,400,Enabled,,,,,,,,,,,,,,,,,,,,,,,,,,,
CMD | Interior,,,,,,,,Jujuy,,,mudanzas jujuy,Phrase,Enabled,,,,,,,,,,,,,,,,,,,,,,,,
CMD | Interior,,,,,,,,Jujuy,,,mudanzas jujuy,Exact,Enabled,,,,,,,,,,,,,,,,,,,,,,,,
CMD | Interior,,,,,,,,Jujuy,,,mudanzas en jujuy,Phrase,Enabled,,,,,,,,,,,,,,,,,,,,,,,,
CMD | Interior,,,,,,,,Jujuy,,,mudanzas en jujuy,Exact,Enabled,,,,,,,,,,,,,,,,,,,,,,,,
CMD | Interior,,,,,,,,Jujuy,,,empresa de mudanzas jujuy,Phrase,Enabled,,,,,,,,,,,,,,,,,,,,,,,,
CMD | Interior,,,,,,,,Jujuy,,,empresa de mudanzas jujuy,Exact,Enabled,,,,,,,,,,,,,,,,,,,,,,,,
CMD | Interior,,,,,,,,Jujuy,,,presupuesto mudanza jujuy,Phrase,Enabled,,,,,,,,,,,,,,,,,,,,,,,,
CMD | Interior,,,,,,,,Jujuy,,,presupuesto mudanza jujuy,Exact,Enabled,,,,,,,,,,,,,,,,,,,,,,,,
CMD | Interior,,,,,,,,Jujuy,,,mudanzas a jujuy,Phrase,Enabled,,,,,,,,,,,,,,,,,,,,,,,,
CMD | Interior,,,,,,,,Jujuy,,,mudanzas a jujuy,Exact,Enabled,,,,,,,,,,,,,,,,,,,,,,,,
CMD | Interior,,,,,,,,Jujuy,,,mudanza de buenos aires a jujuy,Phrase,Enabled,,,,,,,,,,,,,,,,,,,,,,,,
CMD | Interior,,,,,,,,Jujuy,,,mudanza de buenos aires a jujuy,Exact,Enabled,,,,,,,,,,,,,,,,,,,,,,,,
CMD | Interior,,,,,,,,Jujuy,,,,,,Responsive search ad,https://www.cmdmudanzas.com/mudanzas-jujuy,mudanzas,,Mudanzas en Jujuy,Mudanzas Jujuy,Empresa de Mudanzas Jujuy,Seguro Incluido Siempre,Camiones de 20 a 50 m³,Plataforma Hasta 1.200 kg,Cotizá Gratis Sin Cargo,Respuesta en 24 Horas,Embalaje y Desembalaje,Personal Capacitado,Consultá por WhatsApp,Presupuesto Sin Cargo,Cuidamos Tus Cosas,Carga y Descarga Incluida,Mudate Sin Estrés,"Mudanzas en Jujuy con camiones propios, plataforma elevadora y seguro.","Camiones propios de 20 a 50 m³, plataforma elevadora y seguro incluido en cada viaje.",Cotizá tu mudanza sin cargo. Te respondemos en menos de 24 horas por WhatsApp.,"Mudanzas de casas, departamentos y oficinas. Embalaje, carga, descarga y ayudantes.",Enabled
CMD | Interior,,,,,,,,La Pampa,400,Enabled,,,,,,,,,,,,,,,,,,,,,,,,,,,
CMD | Interior,,,,,,,,La Pampa,,,mudanzas la pampa,Phrase,Enabled,,,,,,,,,,,,,,,,,,,,,,,,
CMD | Interior,,,,,,,,La Pampa,,,mudanzas la pampa,Exact,Enabled,,,,,,,,,,,,,,,,,,,,,,,,
CMD | Interior,,,,,,,,La Pampa,,,mudanzas en la pampa,Phrase,Enabled,,,,,,,,,,,,,,,,,,,,,,,,
CMD | Interior,,,,,,,,La Pampa,,,mudanzas en la pampa,Exact,Enabled,,,,,,,,,,,,,,,,,,,,,,,,
CMD | Interior,,,,,,,,La Pampa,,,empresa de mudanzas la pampa,Phrase,Enabled,,,,,,,,,,,,,,,,,,,,,,,,
CMD | Interior,,,,,,,,La Pampa,,,empresa de mudanzas la pampa,Exact,Enabled,,,,,,,,,,,,,,,,,,,,,,,,
CMD | Interior,,,,,,,,La Pampa,,,presupuesto mudanza la pampa,Phrase,Enabled,,,,,,,,,,,,,,,,,,,,,,,,
CMD | Interior,,,,,,,,La Pampa,,,presupuesto mudanza la pampa,Exact,Enabled,,,,,,,,,,,,,,,,,,,,,,,,
CMD | Interior,,,,,,,,La Pampa,,,mudanzas a la pampa,Phrase,Enabled,,,,,,,,,,,,,,,,,,,,,,,,
CMD | Interior,,,,,,,,La Pampa,,,mudanzas a la pampa,Exact,Enabled,,,,,,,,,,,,,,,,,,,,,,,,
CMD | Interior,,,,,,,,La Pampa,,,mudanza de buenos aires a la pampa,Phrase,Enabled,,,,,,,,,,,,,,,,,,,,,,,,
CMD | Interior,,,,,,,,La Pampa,,,mudanza de buenos aires a la pampa,Exact,Enabled,,,,,,,,,,,,,,,,,,,,,,,,
CMD | Interior,,,,,,,,La Pampa,,,,,,Responsive search ad,https://www.cmdmudanzas.com/mudanzas-la-pampa,mudanzas,,Mudanzas en La Pampa,Mudanzas La Pampa,Empresa de Mudanzas La Pampa,Seguro Incluido Siempre,Camiones de 20 a 50 m³,Plataforma Hasta 1.200 kg,Cotizá Gratis Sin Cargo,Respuesta en 24 Horas,Embalaje y Desembalaje,Personal Capacitado,Consultá por WhatsApp,Presupuesto Sin Cargo,Cuidamos Tus Cosas,Carga y Descarga Incluida,Mudate Sin Estrés,"Mudanzas en La Pampa con camiones propios, plataforma elevadora y seguro.","Camiones propios de 20 a 50 m³, plataforma elevadora y seguro incluido en cada viaje.",Cotizá tu mudanza sin cargo. Te respondemos en menos de 24 horas por WhatsApp.,"Mudanzas de casas, departamentos y oficinas. Embalaje, carga, descarga y ayudantes.",Enabled
CMD | Interior,,,,,,,,La Rioja,400,Enabled,,,,,,,,,,,,,,,,,,,,,,,,,,,
CMD | Interior,,,,,,,,La Rioja,,,mudanzas la rioja,Phrase,Enabled,,,,,,,,,,,,,,,,,,,,,,,,
CMD | Interior,,,,,,,,La Rioja,,,mudanzas la rioja,Exact,Enabled,,,,,,,,,,,,,,,,,,,,,,,,
CMD | Interior,,,,,,,,La Rioja,,,mudanzas en la rioja,Phrase,Enabled,,,,,,,,,,,,,,,,,,,,,,,,
CMD | Interior,,,,,,,,La Rioja,,,mudanzas en la rioja,Exact,Enabled,,,,,,,,,,,,,,,,,,,,,,,,
CMD | Interior,,,,,,,,La Rioja,,,empresa de mudanzas la rioja,Phrase,Enabled,,,,,,,,,,,,,,,,,,,,,,,,
CMD | Interior,,,,,,,,La Rioja,,,empresa de mudanzas la rioja,Exact,Enabled,,,,,,,,,,,,,,,,,,,,,,,,
CMD | Interior,,,,,,,,La Rioja,,,presupuesto mudanza la rioja,Phrase,Enabled,,,,,,,,,,,,,,,,,,,,,,,,
CMD | Interior,,,,,,,,La Rioja,,,presupuesto mudanza la rioja,Exact,Enabled,,,,,,,,,,,,,,,,,,,,,,,,
CMD | Interior,,,,,,,,La Rioja,,,mudanzas a la rioja,Phrase,Enabled,,,,,,,,,,,,,,,,,,,,,,,,
CMD | Interior,,,,,,,,La Rioja,,,mudanzas a la rioja,Exact,Enabled,,,,,,,,,,,,,,,,,,,,,,,,
CMD | Interior,,,,,,,,La Rioja,,,mudanza de buenos aires a la rioja,Phrase,Enabled,,,,,,,,,,,,,,,,,,,,,,,,
CMD | Interior,,,,,,,,La Rioja,,,mudanza de buenos aires a la rioja,Exact,Enabled,,,,,,,,,,,,,,,,,,,,,,,,
CMD | Interior,,,,,,,,La Rioja,,,,,,Responsive search ad,https://www.cmdmudanzas.com/mudanzas-la-rioja,mudanzas,,Mudanzas en La Rioja,Mudanzas La Rioja,Empresa de Mudanzas La Rioja,Seguro Incluido Siempre,Camiones de 20 a 50 m³,Plataforma Hasta 1.200 kg,Cotizá Gratis Sin Cargo,Respuesta en 24 Horas,Embalaje y Desembalaje,Personal Capacitado,Consultá por WhatsApp,Presupuesto Sin Cargo,Cuidamos Tus Cosas,Carga y Descarga Incluida,Mudate Sin Estrés,"Mudanzas en La Rioja con camiones propios, plataforma elevadora y seguro.","Camiones propios de 20 a 50 m³, plataforma elevadora y seguro incluido en cada viaje.",Cotizá tu mudanza sin cargo. Te respondemos en menos de 24 horas por WhatsApp.,"Mudanzas de casas, departamentos y oficinas. Embalaje, carga, descarga y ayudantes.",Enabled
CMD | Interior,,,,,,,,Mendoza,400,Enabled,,,,,,,,,,,,,,,,,,,,,,,,,,,
CMD | Interior,,,,,,,,Mendoza,,,mudanzas mendoza,Phrase,Enabled,,,,,,,,,,,,,,,,,,,,,,,,
CMD | Interior,,,,,,,,Mendoza,,,mudanzas mendoza,Exact,Enabled,,,,,,,,,,,,,,,,,,,,,,,,
CMD | Interior,,,,,,,,Mendoza,,,mudanzas en mendoza,Phrase,Enabled,,,,,,,,,,,,,,,,,,,,,,,,
CMD | Interior,,,,,,,,Mendoza,,,mudanzas en mendoza,Exact,Enabled,,,,,,,,,,,,,,,,,,,,,,,,
CMD | Interior,,,,,,,,Mendoza,,,empresa de mudanzas mendoza,Phrase,Enabled,,,,,,,,,,,,,,,,,,,,,,,,
CMD | Interior,,,,,,,,Mendoza,,,empresa de mudanzas mendoza,Exact,Enabled,,,,,,,,,,,,,,,,,,,,,,,,
CMD | Interior,,,,,,,,Mendoza,,,presupuesto mudanza mendoza,Phrase,Enabled,,,,,,,,,,,,,,,,,,,,,,,,
CMD | Interior,,,,,,,,Mendoza,,,presupuesto mudanza mendoza,Exact,Enabled,,,,,,,,,,,,,,,,,,,,,,,,
CMD | Interior,,,,,,,,Mendoza,,,mudanzas a mendoza,Phrase,Enabled,,,,,,,,,,,,,,,,,,,,,,,,
CMD | Interior,,,,,,,,Mendoza,,,mudanzas a mendoza,Exact,Enabled,,,,,,,,,,,,,,,,,,,,,,,,
CMD | Interior,,,,,,,,Mendoza,,,mudanza de buenos aires a mendoza,Phrase,Enabled,,,,,,,,,,,,,,,,,,,,,,,,
CMD | Interior,,,,,,,,Mendoza,,,mudanza de buenos aires a mendoza,Exact,Enabled,,,,,,,,,,,,,,,,,,,,,,,,
CMD | Interior,,,,,,,,Mendoza,,,,,,Responsive search ad,https://www.cmdmudanzas.com/mudanzas-mendoza,mudanzas,,Mudanzas en Mendoza,Mudanzas Mendoza,Empresa de Mudanzas Mendoza,Seguro Incluido Siempre,Camiones de 20 a 50 m³,Plataforma Hasta 1.200 kg,Cotizá Gratis Sin Cargo,Respuesta en 24 Horas,Embalaje y Desembalaje,Personal Capacitado,Consultá por WhatsApp,Presupuesto Sin Cargo,Cuidamos Tus Cosas,Carga y Descarga Incluida,Mudate Sin Estrés,"Mudanzas en Mendoza con camiones propios, plataforma elevadora y seguro.","Camiones propios de 20 a 50 m³, plataforma elevadora y seguro incluido en cada viaje.",Cotizá tu mudanza sin cargo. Te respondemos en menos de 24 horas por WhatsApp.,"Mudanzas de casas, departamentos y oficinas. Embalaje, carga, descarga y ayudantes.",Enabled
CMD | Interior,,,,,,,,Misiones,400,Enabled,,,,,,,,,,,,,,,,,,,,,,,,,,,
CMD | Interior,,,,,,,,Misiones,,,mudanzas misiones,Phrase,Enabled,,,,,,,,,,,,,,,,,,,,,,,,
CMD | Interior,,,,,,,,Misiones,,,mudanzas misiones,Exact,Enabled,,,,,,,,,,,,,,,,,,,,,,,,
CMD | Interior,,,,,,,,Misiones,,,mudanzas en misiones,Phrase,Enabled,,,,,,,,,,,,,,,,,,,,,,,,
CMD | Interior,,,,,,,,Misiones,,,mudanzas en misiones,Exact,Enabled,,,,,,,,,,,,,,,,,,,,,,,,
CMD | Interior,,,,,,,,Misiones,,,empresa de mudanzas misiones,Phrase,Enabled,,,,,,,,,,,,,,,,,,,,,,,,
CMD | Interior,,,,,,,,Misiones,,,empresa de mudanzas misiones,Exact,Enabled,,,,,,,,,,,,,,,,,,,,,,,,
CMD | Interior,,,,,,,,Misiones,,,presupuesto mudanza misiones,Phrase,Enabled,,,,,,,,,,,,,,,,,,,,,,,,
CMD | Interior,,,,,,,,Misiones,,,presupuesto mudanza misiones,Exact,Enabled,,,,,,,,,,,,,,,,,,,,,,,,
CMD | Interior,,,,,,,,Misiones,,,mudanzas a misiones,Phrase,Enabled,,,,,,,,,,,,,,,,,,,,,,,,
CMD | Interior,,,,,,,,Misiones,,,mudanzas a misiones,Exact,Enabled,,,,,,,,,,,,,,,,,,,,,,,,
CMD | Interior,,,,,,,,Misiones,,,mudanza de buenos aires a misiones,Phrase,Enabled,,,,,,,,,,,,,,,,,,,,,,,,
CMD | Interior,,,,,,,,Misiones,,,mudanza de buenos aires a misiones,Exact,Enabled,,,,,,,,,,,,,,,,,,,,,,,,
CMD | Interior,,,,,,,,Misiones,,,mudanzas posadas,Phrase,Enabled,,,,,,,,,,,,,,,,,,,,,,,,
CMD | Interior,,,,,,,,Misiones,,,mudanzas posadas,Exact,Enabled,,,,,,,,,,,,,,,,,,,,,,,,
CMD | Interior,,,,,,,,Misiones,,,mudanzas iguazu,Phrase,Enabled,,,,,,,,,,,,,,,,,,,,,,,,
CMD | Interior,,,,,,,,Misiones,,,mudanzas iguazu,Exact,Enabled,,,,,,,,,,,,,,,,,,,,,,,,
CMD | Interior,,,,,,,,Misiones,,,,,,Responsive search ad,https://www.cmdmudanzas.com/mudanzas-misiones,mudanzas,,Mudanzas en Misiones,Mudanzas Misiones,Empresa de Mudanzas Misiones,Seguro Incluido Siempre,Camiones de 20 a 50 m³,Plataforma Hasta 1.200 kg,Cotizá Gratis Sin Cargo,Respuesta en 24 Horas,Embalaje y Desembalaje,Personal Capacitado,Consultá por WhatsApp,Presupuesto Sin Cargo,Cuidamos Tus Cosas,Carga y Descarga Incluida,Mudate Sin Estrés,"Mudanzas en Misiones con camiones propios, plataforma elevadora y seguro.","Camiones propios de 20 a 50 m³, plataforma elevadora y seguro incluido en cada viaje.",Cotizá tu mudanza sin cargo. Te respondemos en menos de 24 horas por WhatsApp.,"Mudanzas de casas, departamentos y oficinas. Embalaje, carga, descarga y ayudantes.",Enabled
CMD | Interior,,,,,,,,Neuquén,400,Enabled,,,,,,,,,,,,,,,,,,,,,,,,,,,
CMD | Interior,,,,,,,,Neuquén,,,mudanzas neuquen,Phrase,Enabled,,,,,,,,,,,,,,,,,,,,,,,,
CMD | Interior,,,,,,,,Neuquén,,,mudanzas neuquen,Exact,Enabled,,,,,,,,,,,,,,,,,,,,,,,,
CMD | Interior,,,,,,,,Neuquén,,,mudanzas en neuquen,Phrase,Enabled,,,,,,,,,,,,,,,,,,,,,,,,
CMD | Interior,,,,,,,,Neuquén,,,mudanzas en neuquen,Exact,Enabled,,,,,,,,,,,,,,,,,,,,,,,,
CMD | Interior,,,,,,,,Neuquén,,,empresa de mudanzas neuquen,Phrase,Enabled,,,,,,,,,,,,,,,,,,,,,,,,
CMD | Interior,,,,,,,,Neuquén,,,empresa de mudanzas neuquen,Exact,Enabled,,,,,,,,,,,,,,,,,,,,,,,,
CMD | Interior,,,,,,,,Neuquén,,,presupuesto mudanza neuquen,Phrase,Enabled,,,,,,,,,,,,,,,,,,,,,,,,
CMD | Interior,,,,,,,,Neuquén,,,presupuesto mudanza neuquen,Exact,Enabled,,,,,,,,,,,,,,,,,,,,,,,,
CMD | Interior,,,,,,,,Neuquén,,,mudanzas a neuquen,Phrase,Enabled,,,,,,,,,,,,,,,,,,,,,,,,
CMD | Interior,,,,,,,,Neuquén,,,mudanzas a neuquen,Exact,Enabled,,,,,,,,,,,,,,,,,,,,,,,,
CMD | Interior,,,,,,,,Neuquén,,,mudanza de buenos aires a neuquen,Phrase,Enabled,,,,,,,,,,,,,,,,,,,,,,,,
CMD | Interior,,,,,,,,Neuquén,,,mudanza de buenos aires a neuquen,Exact,Enabled,,,,,,,,,,,,,,,,,,,,,,,,
CMD | Interior,,,,,,,,Neuquén,,,mudanzas san martin de los andes,Phrase,Enabled,,,,,,,,,,,,,,,,,,,,,,,,
CMD | Interior,,,,,,,,Neuquén,,,mudanzas san martin de los andes,Exact,Enabled,,,,,,,,,,,,,,,,,,,,,,,,
CMD | Interior,,,,,,,,Neuquén,,,mudanzas anelo,Phrase,Enabled,,,,,,,,,,,,,,,,,,,,,,,,
CMD | Interior,,,,,,,,Neuquén,,,mudanzas anelo,Exact,Enabled,,,,,,,,,,,,,,,,,,,,,,,,
CMD | Interior,,,,,,,,Neuquén,,,,,,Responsive search ad,https://www.cmdmudanzas.com/mudanzas-neuquen,mudanzas,,Mudanzas en Neuquén,Mudanzas Neuquén,Empresa de Mudanzas Neuquén,Seguro Incluido Siempre,Camiones de 20 a 50 m³,Plataforma Hasta 1.200 kg,Cotizá Gratis Sin Cargo,Respuesta en 24 Horas,Embalaje y Desembalaje,Personal Capacitado,Consultá por WhatsApp,Presupuesto Sin Cargo,Cuidamos Tus Cosas,Carga y Descarga Incluida,Mudate Sin Estrés,"Mudanzas en Neuquén con camiones propios, plataforma elevadora y seguro.","Camiones propios de 20 a 50 m³, plataforma elevadora y seguro incluido en cada viaje.",Cotizá tu mudanza sin cargo. Te respondemos en menos de 24 horas por WhatsApp.,"Mudanzas de casas, departamentos y oficinas. Embalaje, carga, descarga y ayudantes.",Enabled
CMD | Interior,,,,,,,,Río Negro,400,Enabled,,,,,,,,,,,,,,,,,,,,,,,,,,,
CMD | Interior,,,,,,,,Río Negro,,,mudanzas rio negro,Phrase,Enabled,,,,,,,,,,,,,,,,,,,,,,,,
CMD | Interior,,,,,,,,Río Negro,,,mudanzas rio negro,Exact,Enabled,,,,,,,,,,,,,,,,,,,,,,,,
CMD | Interior,,,,,,,,Río Negro,,,mudanzas en rio negro,Phrase,Enabled,,,,,,,,,,,,,,,,,,,,,,,,
CMD | Interior,,,,,,,,Río Negro,,,mudanzas en rio negro,Exact,Enabled,,,,,,,,,,,,,,,,,,,,,,,,
CMD | Interior,,,,,,,,Río Negro,,,empresa de mudanzas rio negro,Phrase,Enabled,,,,,,,,,,,,,,,,,,,,,,,,
CMD | Interior,,,,,,,,Río Negro,,,empresa de mudanzas rio negro,Exact,Enabled,,,,,,,,,,,,,,,,,,,,,,,,
CMD | Interior,,,,,,,,Río Negro,,,presupuesto mudanza rio negro,Phrase,Enabled,,,,,,,,,,,,,,,,,,,,,,,,
CMD | Interior,,,,,,,,Río Negro,,,presupuesto mudanza rio negro,Exact,Enabled,,,,,,,,,,,,,,,,,,,,,,,,
CMD | Interior,,,,,,,,Río Negro,,,mudanzas a rio negro,Phrase,Enabled,,,,,,,,,,,,,,,,,,,,,,,,
CMD | Interior,,,,,,,,Río Negro,,,mudanzas a rio negro,Exact,Enabled,,,,,,,,,,,,,,,,,,,,,,,,
CMD | Interior,,,,,,,,Río Negro,,,mudanza de buenos aires a rio negro,Phrase,Enabled,,,,,,,,,,,,,,,,,,,,,,,,
CMD | Interior,,,,,,,,Río Negro,,,mudanza de buenos aires a rio negro,Exact,Enabled,,,,,,,,,,,,,,,,,,,,,,,,
CMD | Interior,,,,,,,,Río Negro,,,mudanzas bariloche,Phrase,Enabled,,,,,,,,,,,,,,,,,,,,,,,,
CMD | Interior,,,,,,,,Río Negro,,,mudanzas bariloche,Exact,Enabled,,,,,,,,,,,,,,,,,,,,,,,,
CMD | Interior,,,,,,,,Río Negro,,,mudanzas en bariloche,Phrase,Enabled,,,,,,,,,,,,,,,,,,,,,,,,
CMD | Interior,,,,,,,,Río Negro,,,mudanzas en bariloche,Exact,Enabled,,,,,,,,,,,,,,,,,,,,,,,,
CMD | Interior,,,,,,,,Río Negro,,,,,,Responsive search ad,https://www.cmdmudanzas.com/mudanzas-rio-negro,mudanzas,,Mudanzas en Río Negro,Mudanzas Río Negro,Empresa de Mudanzas Río Negro,Seguro Incluido Siempre,Camiones de 20 a 50 m³,Plataforma Hasta 1.200 kg,Cotizá Gratis Sin Cargo,Respuesta en 24 Horas,Embalaje y Desembalaje,Personal Capacitado,Consultá por WhatsApp,Presupuesto Sin Cargo,Cuidamos Tus Cosas,Carga y Descarga Incluida,Mudate Sin Estrés,"Mudanzas en Río Negro con camiones propios, plataforma elevadora y seguro.","Camiones propios de 20 a 50 m³, plataforma elevadora y seguro incluido en cada viaje.",Cotizá tu mudanza sin cargo. Te respondemos en menos de 24 horas por WhatsApp.,"Mudanzas de casas, departamentos y oficinas. Embalaje, carga, descarga y ayudantes.",Enabled
CMD | Interior,,,,,,,,Salta,400,Enabled,,,,,,,,,,,,,,,,,,,,,,,,,,,
CMD | Interior,,,,,,,,Salta,,,mudanzas salta,Phrase,Enabled,,,,,,,,,,,,,,,,,,,,,,,,
CMD | Interior,,,,,,,,Salta,,,mudanzas salta,Exact,Enabled,,,,,,,,,,,,,,,,,,,,,,,,
CMD | Interior,,,,,,,,Salta,,,mudanzas en salta,Phrase,Enabled,,,,,,,,,,,,,,,,,,,,,,,,
CMD | Interior,,,,,,,,Salta,,,mudanzas en salta,Exact,Enabled,,,,,,,,,,,,,,,,,,,,,,,,
CMD | Interior,,,,,,,,Salta,,,empresa de mudanzas salta,Phrase,Enabled,,,,,,,,,,,,,,,,,,,,,,,,
CMD | Interior,,,,,,,,Salta,,,empresa de mudanzas salta,Exact,Enabled,,,,,,,,,,,,,,,,,,,,,,,,
CMD | Interior,,,,,,,,Salta,,,presupuesto mudanza salta,Phrase,Enabled,,,,,,,,,,,,,,,,,,,,,,,,
CMD | Interior,,,,,,,,Salta,,,presupuesto mudanza salta,Exact,Enabled,,,,,,,,,,,,,,,,,,,,,,,,
CMD | Interior,,,,,,,,Salta,,,mudanzas a salta,Phrase,Enabled,,,,,,,,,,,,,,,,,,,,,,,,
CMD | Interior,,,,,,,,Salta,,,mudanzas a salta,Exact,Enabled,,,,,,,,,,,,,,,,,,,,,,,,
CMD | Interior,,,,,,,,Salta,,,mudanza de buenos aires a salta,Phrase,Enabled,,,,,,,,,,,,,,,,,,,,,,,,
CMD | Interior,,,,,,,,Salta,,,mudanza de buenos aires a salta,Exact,Enabled,,,,,,,,,,,,,,,,,,,,,,,,
CMD | Interior,,,,,,,,Salta,,,,,,Responsive search ad,https://www.cmdmudanzas.com/mudanzas-salta,mudanzas,,Mudanzas en Salta,Mudanzas Salta,Empresa de Mudanzas Salta,Seguro Incluido Siempre,Camiones de 20 a 50 m³,Plataforma Hasta 1.200 kg,Cotizá Gratis Sin Cargo,Respuesta en 24 Horas,Embalaje y Desembalaje,Personal Capacitado,Consultá por WhatsApp,Presupuesto Sin Cargo,Cuidamos Tus Cosas,Carga y Descarga Incluida,Mudate Sin Estrés,"Mudanzas en Salta con camiones propios, plataforma elevadora y seguro.","Camiones propios de 20 a 50 m³, plataforma elevadora y seguro incluido en cada viaje.",Cotizá tu mudanza sin cargo. Te respondemos en menos de 24 horas por WhatsApp.,"Mudanzas de casas, departamentos y oficinas. Embalaje, carga, descarga y ayudantes.",Enabled
CMD | Interior,,,,,,,,San Juan,400,Enabled,,,,,,,,,,,,,,,,,,,,,,,,,,,
CMD | Interior,,,,,,,,San Juan,,,mudanzas san juan,Phrase,Enabled,,,,,,,,,,,,,,,,,,,,,,,,
CMD | Interior,,,,,,,,San Juan,,,mudanzas san juan,Exact,Enabled,,,,,,,,,,,,,,,,,,,,,,,,
CMD | Interior,,,,,,,,San Juan,,,mudanzas en san juan,Phrase,Enabled,,,,,,,,,,,,,,,,,,,,,,,,
CMD | Interior,,,,,,,,San Juan,,,mudanzas en san juan,Exact,Enabled,,,,,,,,,,,,,,,,,,,,,,,,
CMD | Interior,,,,,,,,San Juan,,,empresa de mudanzas san juan,Phrase,Enabled,,,,,,,,,,,,,,,,,,,,,,,,
CMD | Interior,,,,,,,,San Juan,,,empresa de mudanzas san juan,Exact,Enabled,,,,,,,,,,,,,,,,,,,,,,,,
CMD | Interior,,,,,,,,San Juan,,,presupuesto mudanza san juan,Phrase,Enabled,,,,,,,,,,,,,,,,,,,,,,,,
CMD | Interior,,,,,,,,San Juan,,,presupuesto mudanza san juan,Exact,Enabled,,,,,,,,,,,,,,,,,,,,,,,,
CMD | Interior,,,,,,,,San Juan,,,mudanzas a san juan,Phrase,Enabled,,,,,,,,,,,,,,,,,,,,,,,,
CMD | Interior,,,,,,,,San Juan,,,mudanzas a san juan,Exact,Enabled,,,,,,,,,,,,,,,,,,,,,,,,
CMD | Interior,,,,,,,,San Juan,,,mudanza de buenos aires a san juan,Phrase,Enabled,,,,,,,,,,,,,,,,,,,,,,,,
CMD | Interior,,,,,,,,San Juan,,,mudanza de buenos aires a san juan,Exact,Enabled,,,,,,,,,,,,,,,,,,,,,,,,
CMD | Interior,,,,,,,,San Juan,,,,,,Responsive search ad,https://www.cmdmudanzas.com/mudanzas-san-juan,mudanzas,,Mudanzas en San Juan,Mudanzas San Juan,Empresa de Mudanzas San Juan,Seguro Incluido Siempre,Camiones de 20 a 50 m³,Plataforma Hasta 1.200 kg,Cotizá Gratis Sin Cargo,Respuesta en 24 Horas,Embalaje y Desembalaje,Personal Capacitado,Consultá por WhatsApp,Presupuesto Sin Cargo,Cuidamos Tus Cosas,Carga y Descarga Incluida,Mudate Sin Estrés,"Mudanzas en San Juan con camiones propios, plataforma elevadora y seguro.","Camiones propios de 20 a 50 m³, plataforma elevadora y seguro incluido en cada viaje.",Cotizá tu mudanza sin cargo. Te respondemos en menos de 24 horas por WhatsApp.,"Mudanzas de casas, departamentos y oficinas. Embalaje, carga, descarga y ayudantes.",Enabled
CMD | Interior,,,,,,,,San Luis,400,Enabled,,,,,,,,,,,,,,,,,,,,,,,,,,,
CMD | Interior,,,,,,,,San Luis,,,mudanzas san luis,Phrase,Enabled,,,,,,,,,,,,,,,,,,,,,,,,
CMD | Interior,,,,,,,,San Luis,,,mudanzas san luis,Exact,Enabled,,,,,,,,,,,,,,,,,,,,,,,,
CMD | Interior,,,,,,,,San Luis,,,mudanzas en san luis,Phrase,Enabled,,,,,,,,,,,,,,,,,,,,,,,,
CMD | Interior,,,,,,,,San Luis,,,mudanzas en san luis,Exact,Enabled,,,,,,,,,,,,,,,,,,,,,,,,
CMD | Interior,,,,,,,,San Luis,,,empresa de mudanzas san luis,Phrase,Enabled,,,,,,,,,,,,,,,,,,,,,,,,
CMD | Interior,,,,,,,,San Luis,,,empresa de mudanzas san luis,Exact,Enabled,,,,,,,,,,,,,,,,,,,,,,,,
CMD | Interior,,,,,,,,San Luis,,,presupuesto mudanza san luis,Phrase,Enabled,,,,,,,,,,,,,,,,,,,,,,,,
CMD | Interior,,,,,,,,San Luis,,,presupuesto mudanza san luis,Exact,Enabled,,,,,,,,,,,,,,,,,,,,,,,,
CMD | Interior,,,,,,,,San Luis,,,mudanzas a san luis,Phrase,Enabled,,,,,,,,,,,,,,,,,,,,,,,,
CMD | Interior,,,,,,,,San Luis,,,mudanzas a san luis,Exact,Enabled,,,,,,,,,,,,,,,,,,,,,,,,
CMD | Interior,,,,,,,,San Luis,,,mudanza de buenos aires a san luis,Phrase,Enabled,,,,,,,,,,,,,,,,,,,,,,,,
CMD | Interior,,,,,,,,San Luis,,,mudanza de buenos aires a san luis,Exact,Enabled,,,,,,,,,,,,,,,,,,,,,,,,
CMD | Interior,,,,,,,,San Luis,,,,,,Responsive search ad,https://www.cmdmudanzas.com/mudanzas-san-luis,mudanzas,,Mudanzas en San Luis,Mudanzas San Luis,Empresa de Mudanzas San Luis,Seguro Incluido Siempre,Camiones de 20 a 50 m³,Plataforma Hasta 1.200 kg,Cotizá Gratis Sin Cargo,Respuesta en 24 Horas,Embalaje y Desembalaje,Personal Capacitado,Consultá por WhatsApp,Presupuesto Sin Cargo,Cuidamos Tus Cosas,Carga y Descarga Incluida,Mudate Sin Estrés,"Mudanzas en San Luis con camiones propios, plataforma elevadora y seguro.","Camiones propios de 20 a 50 m³, plataforma elevadora y seguro incluido en cada viaje.",Cotizá tu mudanza sin cargo. Te respondemos en menos de 24 horas por WhatsApp.,"Mudanzas de casas, departamentos y oficinas. Embalaje, carga, descarga y ayudantes.",Enabled
CMD | Interior,,,,,,,,Santa Cruz,400,Enabled,,,,,,,,,,,,,,,,,,,,,,,,,,,
CMD | Interior,,,,,,,,Santa Cruz,,,mudanzas santa cruz,Phrase,Enabled,,,,,,,,,,,,,,,,,,,,,,,,
CMD | Interior,,,,,,,,Santa Cruz,,,mudanzas santa cruz,Exact,Enabled,,,,,,,,,,,,,,,,,,,,,,,,
CMD | Interior,,,,,,,,Santa Cruz,,,mudanzas en santa cruz,Phrase,Enabled,,,,,,,,,,,,,,,,,,,,,,,,
CMD | Interior,,,,,,,,Santa Cruz,,,mudanzas en santa cruz,Exact,Enabled,,,,,,,,,,,,,,,,,,,,,,,,
CMD | Interior,,,,,,,,Santa Cruz,,,empresa de mudanzas santa cruz,Phrase,Enabled,,,,,,,,,,,,,,,,,,,,,,,,
CMD | Interior,,,,,,,,Santa Cruz,,,empresa de mudanzas santa cruz,Exact,Enabled,,,,,,,,,,,,,,,,,,,,,,,,
CMD | Interior,,,,,,,,Santa Cruz,,,presupuesto mudanza santa cruz,Phrase,Enabled,,,,,,,,,,,,,,,,,,,,,,,,
CMD | Interior,,,,,,,,Santa Cruz,,,presupuesto mudanza santa cruz,Exact,Enabled,,,,,,,,,,,,,,,,,,,,,,,,
CMD | Interior,,,,,,,,Santa Cruz,,,mudanzas a santa cruz,Phrase,Enabled,,,,,,,,,,,,,,,,,,,,,,,,
CMD | Interior,,,,,,,,Santa Cruz,,,mudanzas a santa cruz,Exact,Enabled,,,,,,,,,,,,,,,,,,,,,,,,
CMD | Interior,,,,,,,,Santa Cruz,,,mudanza de buenos aires a santa cruz,Phrase,Enabled,,,,,,,,,,,,,,,,,,,,,,,,
CMD | Interior,,,,,,,,Santa Cruz,,,mudanza de buenos aires a santa cruz,Exact,Enabled,,,,,,,,,,,,,,,,,,,,,,,,
CMD | Interior,,,,,,,,Santa Cruz,,,mudanzas rio gallegos,Phrase,Enabled,,,,,,,,,,,,,,,,,,,,,,,,
CMD | Interior,,,,,,,,Santa Cruz,,,mudanzas rio gallegos,Exact,Enabled,,,,,,,,,,,,,,,,,,,,,,,,
CMD | Interior,,,,,,,,Santa Cruz,,,mudanzas el calafate,Phrase,Enabled,,,,,,,,,,,,,,,,,,,,,,,,
CMD | Interior,,,,,,,,Santa Cruz,,,mudanzas el calafate,Exact,Enabled,,,,,,,,,,,,,,,,,,,,,,,,
CMD | Interior,,,,,,,,Santa Cruz,,,,,,Responsive search ad,https://www.cmdmudanzas.com/mudanzas-santa-cruz,mudanzas,,Mudanzas en Santa Cruz,Mudanzas Santa Cruz,Empresa de Mudanzas Santa Cruz,Seguro Incluido Siempre,Camiones de 20 a 50 m³,Plataforma Hasta 1.200 kg,Cotizá Gratis Sin Cargo,Respuesta en 24 Horas,Embalaje y Desembalaje,Personal Capacitado,Consultá por WhatsApp,Presupuesto Sin Cargo,Cuidamos Tus Cosas,Carga y Descarga Incluida,Mudate Sin Estrés,"Mudanzas en Santa Cruz con camiones propios, plataforma elevadora y seguro.","Camiones propios de 20 a 50 m³, plataforma elevadora y seguro incluido en cada viaje.",Cotizá tu mudanza sin cargo. Te respondemos en menos de 24 horas por WhatsApp.,"Mudanzas de casas, departamentos y oficinas. Embalaje, carga, descarga y ayudantes.",Enabled
CMD | Interior,,,,,,,,Santa Fe,400,Enabled,,,,,,,,,,,,,,,,,,,,,,,,,,,
CMD | Interior,,,,,,,,Santa Fe,,,mudanzas santa fe,Phrase,Enabled,,,,,,,,,,,,,,,,,,,,,,,,
CMD | Interior,,,,,,,,Santa Fe,,,mudanzas santa fe,Exact,Enabled,,,,,,,,,,,,,,,,,,,,,,,,
CMD | Interior,,,,,,,,Santa Fe,,,mudanzas en santa fe,Phrase,Enabled,,,,,,,,,,,,,,,,,,,,,,,,
CMD | Interior,,,,,,,,Santa Fe,,,mudanzas en santa fe,Exact,Enabled,,,,,,,,,,,,,,,,,,,,,,,,
CMD | Interior,,,,,,,,Santa Fe,,,empresa de mudanzas santa fe,Phrase,Enabled,,,,,,,,,,,,,,,,,,,,,,,,
CMD | Interior,,,,,,,,Santa Fe,,,empresa de mudanzas santa fe,Exact,Enabled,,,,,,,,,,,,,,,,,,,,,,,,
CMD | Interior,,,,,,,,Santa Fe,,,presupuesto mudanza santa fe,Phrase,Enabled,,,,,,,,,,,,,,,,,,,,,,,,
CMD | Interior,,,,,,,,Santa Fe,,,presupuesto mudanza santa fe,Exact,Enabled,,,,,,,,,,,,,,,,,,,,,,,,
CMD | Interior,,,,,,,,Santa Fe,,,mudanzas a santa fe,Phrase,Enabled,,,,,,,,,,,,,,,,,,,,,,,,
CMD | Interior,,,,,,,,Santa Fe,,,mudanzas a santa fe,Exact,Enabled,,,,,,,,,,,,,,,,,,,,,,,,
CMD | Interior,,,,,,,,Santa Fe,,,mudanza de buenos aires a santa fe,Phrase,Enabled,,,,,,,,,,,,,,,,,,,,,,,,
CMD | Interior,,,,,,,,Santa Fe,,,mudanza de buenos aires a santa fe,Exact,Enabled,,,,,,,,,,,,,,,,,,,,,,,,
CMD | Interior,,,,,,,,Santa Fe,,,mudanzas rosario,Phrase,Enabled,,,,,,,,,,,,,,,,,,,,,,,,
CMD | Interior,,,,,,,,Santa Fe,,,mudanzas rosario,Exact,Enabled,,,,,,,,,,,,,,,,,,,,,,,,
CMD | Interior,,,,,,,,Santa Fe,,,mudanzas en rosario,Phrase,Enabled,,,,,,,,,,,,,,,,,,,,,,,,
CMD | Interior,,,,,,,,Santa Fe,,,mudanzas en rosario,Exact,Enabled,,,,,,,,,,,,,,,,,,,,,,,,
CMD | Interior,,,,,,,,Santa Fe,,,empresa de mudanzas rosario,Phrase,Enabled,,,,,,,,,,,,,,,,,,,,,,,,
CMD | Interior,,,,,,,,Santa Fe,,,empresa de mudanzas rosario,Exact,Enabled,,,,,,,,,,,,,,,,,,,,,,,,
CMD | Interior,,,,,,,,Santa Fe,,,,,,Responsive search ad,https://www.cmdmudanzas.com/mudanzas-santa-fe,mudanzas,,Mudanzas en Santa Fe,Mudanzas Santa Fe,Empresa de Mudanzas Santa Fe,Seguro Incluido Siempre,Camiones de 20 a 50 m³,Plataforma Hasta 1.200 kg,Cotizá Gratis Sin Cargo,Respuesta en 24 Horas,Embalaje y Desembalaje,Personal Capacitado,Consultá por WhatsApp,Presupuesto Sin Cargo,Cuidamos Tus Cosas,Carga y Descarga Incluida,Mudate Sin Estrés,"Mudanzas en Santa Fe con camiones propios, plataforma elevadora y seguro.","Camiones propios de 20 a 50 m³, plataforma elevadora y seguro incluido en cada viaje.",Cotizá tu mudanza sin cargo. Te respondemos en menos de 24 horas por WhatsApp.,"Mudanzas de casas, departamentos y oficinas. Embalaje, carga, descarga y ayudantes.",Enabled
CMD | Interior,,,,,,,,Santiago del Estero,400,Enabled,,,,,,,,,,,,,,,,,,,,,,,,,,,
CMD | Interior,,,,,,,,Santiago del Estero,,,mudanzas santiago del estero,Phrase,Enabled,,,,,,,,,,,,,,,,,,,,,,,,
CMD | Interior,,,,,,,,Santiago del Estero,,,mudanzas santiago del estero,Exact,Enabled,,,,,,,,,,,,,,,,,,,,,,,,
CMD | Interior,,,,,,,,Santiago del Estero,,,mudanzas en santiago del estero,Phrase,Enabled,,,,,,,,,,,,,,,,,,,,,,,,
CMD | Interior,,,,,,,,Santiago del Estero,,,mudanzas en santiago del estero,Exact,Enabled,,,,,,,,,,,,,,,,,,,,,,,,
CMD | Interior,,,,,,,,Santiago del Estero,,,empresa de mudanzas santiago del estero,Phrase,Enabled,,,,,,,,,,,,,,,,,,,,,,,,
CMD | Interior,,,,,,,,Santiago del Estero,,,empresa de mudanzas santiago del estero,Exact,Enabled,,,,,,,,,,,,,,,,,,,,,,,,
CMD | Interior,,,,,,,,Santiago del Estero,,,presupuesto mudanza santiago del estero,Phrase,Enabled,,,,,,,,,,,,,,,,,,,,,,,,
CMD | Interior,,,,,,,,Santiago del Estero,,,presupuesto mudanza santiago del estero,Exact,Enabled,,,,,,,,,,,,,,,,,,,,,,,,
CMD | Interior,,,,,,,,Santiago del Estero,,,mudanzas a santiago del estero,Phrase,Enabled,,,,,,,,,,,,,,,,,,,,,,,,
CMD | Interior,,,,,,,,Santiago del Estero,,,mudanzas a santiago del estero,Exact,Enabled,,,,,,,,,,,,,,,,,,,,,,,,
CMD | Interior,,,,,,,,Santiago del Estero,,,mudanza de buenos aires a santiago del estero,Phrase,Enabled,,,,,,,,,,,,,,,,,,,,,,,,
CMD | Interior,,,,,,,,Santiago del Estero,,,mudanza de buenos aires a santiago del estero,Exact,Enabled,,,,,,,,,,,,,,,,,,,,,,,,
CMD | Interior,,,,,,,,Santiago del Estero,,,,,,Responsive search ad,https://www.cmdmudanzas.com/mudanzas-santiago-del-estero,mudanzas,,Mudanzas Santiago del Estero,Seguro Incluido Siempre,Camiones de 20 a 50 m³,Plataforma Hasta 1.200 kg,Cotizá Gratis Sin Cargo,Respuesta en 24 Horas,Embalaje y Desembalaje,Personal Capacitado,Consultá por WhatsApp,Presupuesto Sin Cargo,Cuidamos Tus Cosas,Carga y Descarga Incluida,Mudate Sin Estrés,,,"Mudanzas en Santiago del Estero con camiones propios, plataforma elevadora y seguro.","Camiones propios de 20 a 50 m³, plataforma elevadora y seguro incluido en cada viaje.",Cotizá tu mudanza sin cargo. Te respondemos en menos de 24 horas por WhatsApp.,"Mudanzas de casas, departamentos y oficinas. Embalaje, carga, descarga y ayudantes.",Enabled
CMD | Interior,,,,,,,,Tierra del Fuego,400,Enabled,,,,,,,,,,,,,,,,,,,,,,,,,,,
CMD | Interior,,,,,,,,Tierra del Fuego,,,mudanzas tierra del fuego,Phrase,Enabled,,,,,,,,,,,,,,,,,,,,,,,,
CMD | Interior,,,,,,,,Tierra del Fuego,,,mudanzas tierra del fuego,Exact,Enabled,,,,,,,,,,,,,,,,,,,,,,,,
CMD | Interior,,,,,,,,Tierra del Fuego,,,mudanzas en tierra del fuego,Phrase,Enabled,,,,,,,,,,,,,,,,,,,,,,,,
CMD | Interior,,,,,,,,Tierra del Fuego,,,mudanzas en tierra del fuego,Exact,Enabled,,,,,,,,,,,,,,,,,,,,,,,,
CMD | Interior,,,,,,,,Tierra del Fuego,,,empresa de mudanzas tierra del fuego,Phrase,Enabled,,,,,,,,,,,,,,,,,,,,,,,,
CMD | Interior,,,,,,,,Tierra del Fuego,,,empresa de mudanzas tierra del fuego,Exact,Enabled,,,,,,,,,,,,,,,,,,,,,,,,
CMD | Interior,,,,,,,,Tierra del Fuego,,,presupuesto mudanza tierra del fuego,Phrase,Enabled,,,,,,,,,,,,,,,,,,,,,,,,
CMD | Interior,,,,,,,,Tierra del Fuego,,,presupuesto mudanza tierra del fuego,Exact,Enabled,,,,,,,,,,,,,,,,,,,,,,,,
CMD | Interior,,,,,,,,Tierra del Fuego,,,mudanzas a tierra del fuego,Phrase,Enabled,,,,,,,,,,,,,,,,,,,,,,,,
CMD | Interior,,,,,,,,Tierra del Fuego,,,mudanzas a tierra del fuego,Exact,Enabled,,,,,,,,,,,,,,,,,,,,,,,,
CMD | Interior,,,,,,,,Tierra del Fuego,,,mudanza de buenos aires a tierra del fuego,Phrase,Enabled,,,,,,,,,,,,,,,,,,,,,,,,
CMD | Interior,,,,,,,,Tierra del Fuego,,,mudanza de buenos aires a tierra del fuego,Exact,Enabled,,,,,,,,,,,,,,,,,,,,,,,,
CMD | Interior,,,,,,,,Tierra del Fuego,,,mudanzas ushuaia,Phrase,Enabled,,,,,,,,,,,,,,,,,,,,,,,,
CMD | Interior,,,,,,,,Tierra del Fuego,,,mudanzas ushuaia,Exact,Enabled,,,,,,,,,,,,,,,,,,,,,,,,
CMD | Interior,,,,,,,,Tierra del Fuego,,,mudanzas rio grande,Phrase,Enabled,,,,,,,,,,,,,,,,,,,,,,,,
CMD | Interior,,,,,,,,Tierra del Fuego,,,mudanzas rio grande,Exact,Enabled,,,,,,,,,,,,,,,,,,,,,,,,
CMD | Interior,,,,,,,,Tierra del Fuego,,,,,,Responsive search ad,https://www.cmdmudanzas.com/mudanzas-tierra-del-fuego,mudanzas,,Mudanzas en Tierra del Fuego,Mudanzas Tierra del Fuego,Seguro Incluido Siempre,Camiones de 20 a 50 m³,Plataforma Hasta 1.200 kg,Cotizá Gratis Sin Cargo,Respuesta en 24 Horas,Embalaje y Desembalaje,Personal Capacitado,Consultá por WhatsApp,Presupuesto Sin Cargo,Cuidamos Tus Cosas,Carga y Descarga Incluida,Mudate Sin Estrés,,"Mudanzas en Tierra del Fuego con camiones propios, plataforma elevadora y seguro.","Camiones propios de 20 a 50 m³, plataforma elevadora y seguro incluido en cada viaje.",Cotizá tu mudanza sin cargo. Te respondemos en menos de 24 horas por WhatsApp.,"Mudanzas de casas, departamentos y oficinas. Embalaje, carga, descarga y ayudantes.",Enabled
CMD | Interior,,,,,,,,Tucumán,400,Enabled,,,,,,,,,,,,,,,,,,,,,,,,,,,
CMD | Interior,,,,,,,,Tucumán,,,mudanzas tucuman,Phrase,Enabled,,,,,,,,,,,,,,,,,,,,,,,,
CMD | Interior,,,,,,,,Tucumán,,,mudanzas tucuman,Exact,Enabled,,,,,,,,,,,,,,,,,,,,,,,,
CMD | Interior,,,,,,,,Tucumán,,,mudanzas en tucuman,Phrase,Enabled,,,,,,,,,,,,,,,,,,,,,,,,
CMD | Interior,,,,,,,,Tucumán,,,mudanzas en tucuman,Exact,Enabled,,,,,,,,,,,,,,,,,,,,,,,,
CMD | Interior,,,,,,,,Tucumán,,,empresa de mudanzas tucuman,Phrase,Enabled,,,,,,,,,,,,,,,,,,,,,,,,
CMD | Interior,,,,,,,,Tucumán,,,empresa de mudanzas tucuman,Exact,Enabled,,,,,,,,,,,,,,,,,,,,,,,,
CMD | Interior,,,,,,,,Tucumán,,,presupuesto mudanza tucuman,Phrase,Enabled,,,,,,,,,,,,,,,,,,,,,,,,
CMD | Interior,,,,,,,,Tucumán,,,presupuesto mudanza tucuman,Exact,Enabled,,,,,,,,,,,,,,,,,,,,,,,,
CMD | Interior,,,,,,,,Tucumán,,,mudanzas a tucuman,Phrase,Enabled,,,,,,,,,,,,,,,,,,,,,,,,
CMD | Interior,,,,,,,,Tucumán,,,mudanzas a tucuman,Exact,Enabled,,,,,,,,,,,,,,,,,,,,,,,,
CMD | Interior,,,,,,,,Tucumán,,,mudanza de buenos aires a tucuman,Phrase,Enabled,,,,,,,,,,,,,,,,,,,,,,,,
CMD | Interior,,,,,,,,Tucumán,,,mudanza de buenos aires a tucuman,Exact,Enabled,,,,,,,,,,,,,,,,,,,,,,,,
CMD | Interior,,,,,,,,Tucumán,,,mudanzas san miguel de tucuman,Phrase,Enabled,,,,,,,,,,,,,,,,,,,,,,,,
CMD | Interior,,,,,,,,Tucumán,,,mudanzas san miguel de tucuman,Exact,Enabled,,,,,,,,,,,,,,,,,,,,,,,,
CMD | Interior,,,,,,,,Tucumán,,,,,,Responsive search ad,https://www.cmdmudanzas.com/mudanzas-tucuman,mudanzas,,Mudanzas en Tucumán,Mudanzas Tucumán,Empresa de Mudanzas Tucumán,Seguro Incluido Siempre,Camiones de 20 a 50 m³,Plataforma Hasta 1.200 kg,Cotizá Gratis Sin Cargo,Respuesta en 24 Horas,Embalaje y Desembalaje,Personal Capacitado,Consultá por WhatsApp,Presupuesto Sin Cargo,Cuidamos Tus Cosas,Carga y Descarga Incluida,Mudate Sin Estrés,"Mudanzas en Tucumán con camiones propios, plataforma elevadora y seguro.","Camiones propios de 20 a 50 m³, plataforma elevadora y seguro incluido en cada viaje.",Cotizá tu mudanza sin cargo. Te respondemos en menos de 24 horas por WhatsApp.,"Mudanzas de casas, departamentos y oficinas. Embalaje, carga, descarga y ayudantes.",Enabled
CMD | Interior,,,,,,,,Servicios | Larga distancia,400,Enabled,,,,,,,,,,,,,,,,,,,,,,,,,,,
CMD | Interior,,,,,,,,Servicios | Larga distancia,,,mudanzas a todo el pais,Phrase,Enabled,,,,,,,,,,,,,,,,,,,,,,,,
CMD | Interior,,,,,,,,Servicios | Larga distancia,,,mudanzas a todo el pais,Exact,Enabled,,,,,,,,,,,,,,,,,,,,,,,,
CMD | Interior,,,,,,,,Servicios | Larga distancia,,,mudanzas larga distancia,Phrase,Enabled,,,,,,,,,,,,,,,,,,,,,,,,
CMD | Interior,,,,,,,,Servicios | Larga distancia,,,mudanzas larga distancia,Exact,Enabled,,,,,,,,,,,,,,,,,,,,,,,,
CMD | Interior,,,,,,,,Servicios | Larga distancia,,,mudanzas interprovinciales,Phrase,Enabled,,,,,,,,,,,,,,,,,,,,,,,,
CMD | Interior,,,,,,,,Servicios | Larga distancia,,,mudanzas interprovinciales,Exact,Enabled,,,,,,,,,,,,,,,,,,,,,,,,
CMD | Interior,,,,,,,,Servicios | Larga distancia,,,mudanzas nacionales,Phrase,Enabled,,,,,,,,,,,,,,,,,,,,,,,,
CMD | Interior,,,,,,,,Servicios | Larga distancia,,,mudanzas nacionales,Exact,Enabled,,,,,,,,,,,,,,,,,,,,,,,,
CMD | Interior,,,,,,,,Servicios | Larga distancia,,,empresa de mudanzas nacional,Phrase,Enabled,,,,,,,,,,,,,,,,,,,,,,,,
CMD | Interior,,,,,,,,Servicios | Larga distancia,,,empresa de mudanzas nacional,Exact,Enabled,,,,,,,,,,,,,,,,,,,,,,,,
CMD | Interior,,,,,,,,Servicios | Larga distancia,,,mudanza de provincia a provincia,Phrase,Enabled,,,,,,,,,,,,,,,,,,,,,,,,
CMD | Interior,,,,,,,,Servicios | Larga distancia,,,mudanza de provincia a provincia,Exact,Enabled,,,,,,,,,,,,,,,,,,,,,,,,
CMD | Interior,,,,,,,,Servicios | Larga distancia,,,mudanzas a otra provincia,Phrase,Enabled,,,,,,,,,,,,,,,,,,,,,,,,
CMD | Interior,,,,,,,,Servicios | Larga distancia,,,mudanzas a otra provincia,Exact,Enabled,,,,,,,,,,,,,,,,,,,,,,,,
CMD | Interior,,,,,,,,Servicios | Larga distancia,,,,,,Responsive search ad,https://www.cmdmudanzas.com/#cobertura,mudanzas,,Mudanzas a Todo el País,Larga Distancia Segura,De La Quiaca a Ushuaia,Seguro Incluido Siempre,Camiones de 20 a 50 m³,Plataforma Hasta 1.200 kg,Cotizá Gratis Sin Cargo,Respuesta en 24 Horas,Embalaje y Desembalaje,Personal Capacitado,Consultá por WhatsApp,Presupuesto Sin Cargo,Cuidamos Tus Cosas,Carga y Descarga Incluida,Mudate Sin Estrés,Llegamos a las 24 jurisdicciones del país con camiones propios y seguro incluido.,"Camiones propios de 20 a 50 m³, plataforma elevadora y seguro incluido en cada viaje.",Cotizá tu mudanza sin cargo. Te respondemos en menos de 24 horas por WhatsApp.,"Mudanzas de casas, departamentos y oficinas. Embalaje, carga, descarga y ayudantes.",Enabled
CMD | Interior,,,,,,,,Servicios | Mudanzas compartidas,400,Enabled,,,,,,,,,,,,,,,,,,,,,,,,,,,
CMD | Interior,,,,,,,,Servicios | Mudanzas compartidas,,,mudanza compartida,Phrase,Enabled,,,,,,,,,,,,,,,,,,,,,,,,
CMD | Interior,,,,,,,,Servicios | Mudanzas compartidas,,,mudanza compartida,Exact,Enabled,,,,,,,,,,,,,,,,,,,,,,,,
CMD | Interior,,,,,,,,Servicios | Mudanzas compartidas,,,mudanzas compartidas,Phrase,Enabled,,,,,,,,,,,,,,,,,,,,,,,,
CMD | Interior,,,,,,,,Servicios | Mudanzas compartidas,,,mudanzas compartidas,Exact,Enabled,,,,,,,,,,,,,,,,,,,,,,,,
CMD | Interior,,,,,,,,Servicios | Mudanzas compartidas,,,compartir camion mudanza,Phrase,Enabled,,,,,,,,,,,,,,,,,,,,,,,,
CMD | Interior,,,,,,,,Servicios | Mudanzas compartidas,,,compartir camion mudanza,Exact,Enabled,,,,,,,,,,,,,,,,,,,,,,,,
CMD | Interior,,,,,,,,Servicios | Mudanzas compartidas,,,mudanza economica larga distancia,Phrase,Enabled,,,,,,,,,,,,,,,,,,,,,,,,
CMD | Interior,,,,,,,,Servicios | Mudanzas compartidas,,,mudanza economica larga distancia,Exact,Enabled,,,,,,,,,,,,,,,,,,,,,,,,
CMD | Interior,,,,,,,,Servicios | Mudanzas compartidas,,,mudanza barata a otra provincia,Phrase,Enabled,,,,,,,,,,,,,,,,,,,,,,,,
CMD | Interior,,,,,,,,Servicios | Mudanzas compartidas,,,mudanza barata a otra provincia,Exact,Enabled,,,,,,,,,,,,,,,,,,,,,,,,
CMD | Interior,,,,,,,,Servicios | Mudanzas compartidas,,,pagar solo el espacio mudanza,Phrase,Enabled,,,,,,,,,,,,,,,,,,,,,,,,
CMD | Interior,,,,,,,,Servicios | Mudanzas compartidas,,,pagar solo el espacio mudanza,Exact,Enabled,,,,,,,,,,,,,,,,,,,,,,,,
CMD | Interior,,,,,,,,Servicios | Mudanzas compartidas,,,,,,Responsive search ad,https://www.cmdmudanzas.com/#compartidas,mudanzas,,Mudanza Compartida,Pagás Solo Tu Espacio,Hasta 50% Más Barata,Seguro Incluido Siempre,Camiones de 20 a 50 m³,Plataforma Hasta 1.200 kg,Cotizá Gratis Sin Cargo,Respuesta en 24 Horas,Embalaje y Desembalaje,Personal Capacitado,Consultá por WhatsApp,Presupuesto Sin Cargo,Cuidamos Tus Cosas,Carga y Descarga Incluida,Mudate Sin Estrés,Compartí el camión con otros clientes de tu ruta y pagá solo el espacio que usás.,"Camiones propios de 20 a 50 m³, plataforma elevadora y seguro incluido en cada viaje.",Cotizá tu mudanza sin cargo. Te respondemos en menos de 24 horas por WhatsApp.,"Mudanzas de casas, departamentos y oficinas. Embalaje, carga, descarga y ayudantes.",Enabled
CMD | Interior,,,,,,,,Servicios | Internacionales,400,Enabled,,,,,,,,,,,,,,,,,,,,,,,,,,,
CMD | Interior,,,,,,,,Servicios | Internacionales,,,mudanzas internacionales,Phrase,Enabled,,,,,,,,,,,,,,,,,,,,,,,,
CMD | Interior,,,,,,,,Servicios | Internacionales,,,mudanzas internacionales,Exact,Enabled,,,,,,,,,,,,,,,,,,,,,,,,
CMD | Interior,,,,,,,,Servicios | Internacionales,,,mudanza a chile,Phrase,Enabled,,,,,,,,,,,,,,,,,,,,,,,,
CMD | Interior,,,,,,,,Servicios | Internacionales,,,mudanza a chile,Exact,Enabled,,,,,,,,,,,,,,,,,,,,,,,,
CMD | Interior,,,,,,,,Servicios | Internacionales,,,mudanza a uruguay,Phrase,Enabled,,,,,,,,,,,,,,,,,,,,,,,,
CMD | Interior,,,,,,,,Servicios | Internacionales,,,mudanza a uruguay,Exact,Enabled,,,,,,,,,,,,,,,,,,,,,,,,
CMD | Interior,,,,,,,,Servicios | Internacionales,,,mudanza a brasil,Phrase,Enabled,,,,,,,,,,,,,,,,,,,,,,,,
CMD | Interior,,,,,,,,Servicios | Internacionales,,,mudanza a brasil,Exact,Enabled,,,,,,,,,,,,,,,,,,,,,,,,
CMD | Interior,,,,,,,,Servicios | Internacionales,,,mudanzas argentina chile,Phrase,Enabled,,,,,,,,,,,,,,,,,,,,,,,,
CMD | Interior,,,,,,,,Servicios | Internacionales,,,mudanzas argentina chile,Exact,Enabled,,,,,,,,,,,,,,,,,,,,,,,,
CMD | Interior,,,,,,,,Servicios | Internacionales,,,mudanza internacional desde argentina,Phrase,Enabled,,,,,,,,,,,,,,,,,,,,,,,,
CMD | Interior,,,,,,,,Servicios | Internacionales,,,mudanza internacional desde argentina,Exact,Enabled,,,,,,,,,,,,,,,,,,,,,,,,
CMD | Interior,,,,,,,,Servicios | Internacionales,,,,,,Responsive search ad,https://www.cmdmudanzas.com/#tipos,mudanzas,,Mudanzas a Chile,Uruguay y Brasil,Mudanzas Internacionales,Seguro Incluido Siempre,Camiones de 20 a 50 m³,Plataforma Hasta 1.200 kg,Cotizá Gratis Sin Cargo,Respuesta en 24 Horas,Embalaje y Desembalaje,Personal Capacitado,Consultá por WhatsApp,Presupuesto Sin Cargo,Cuidamos Tus Cosas,Carga y Descarga Incluida,Mudate Sin Estrés,"Mudanzas a Chile, Uruguay y Brasil. Te asesoramos con los trámites previos.","Camiones propios de 20 a 50 m³, plataforma elevadora y seguro incluido en cada viaje.",Cotizá tu mudanza sin cargo. Te respondemos en menos de 24 horas por WhatsApp.,"Mudanzas de casas, departamentos y oficinas. Embalaje, carga, descarga y ayudantes.",Enabled
